posicion,aa_consenso,A,C,D,E,F,G,H,I,K,L,M,N,P,Q,R,S,T,V,W,Y
1,A,0.491,0,0,0,0,0.353,0,0.034,0.095,0,0,0,0,0,0,0.026,0,0,0,0
2,G,0,0,0,0,0,0.328,0.328,0,0,0.060,0,0.233,0,0,0,0.026,0.026,0,0,0
3,I,0.017,0,0,0,0,0,0,0.853,0,0.060,0,0,0,0,0,0,0,0.017,0,0.052
4,S,0.052,0,0,0,0,0.060,0,0,0,0,0,0,0,0,0,0.888,0,0,0,0
5,G,0,0,0,0,0,1.000,0,0,0,0,0,0,0,0,0,0,0,0,0,0
6,G,0.388,0,0,0,0,0.586,0,0,0,0,0,0,0,0,0,0,0.009,0.017,0,0
7,H,0,0,0,0,0,0.052,0.888,0,0,0,0,0,0,0,0,0.060,0,0,0,0
8,I,0,0,0,0,0.207,0,0,0.276,0,0.155,0.112,0,0,0,0,0,0,0.250,0,0
9,N,0,0,0,0,0,0,0,0,0,0,0,1.000,0,0,0,0,0,0,0,0
10,P,0,0,0,0,0,0,0,0,0,0,0,0,1.000,0,0,0,0,0,0,0
11,A,0.905,0,0,0,0,0,0,0,0,0.000,0,0,0,0,0,0.095,0,0,0,0
12,V,0.009,0,0,0,0,0,0,0,0,0.026,0,0,0,0,0.052,0,0.060,0.853,0,0
13,T,0,0.052,0,0,0,0,0,0,0,0,0,0,0,0,0,0,0.948,0,0,0
14,F,0.034,0,0,0,0.534,0,0,0.207,0,0.172,0,0,0,0,0,0,0,0.052,0,0
15,G,0.302,0,0,0,0,0.603,0,0,0,0,0,0,0,0,0,0.060,0.034,0,0,0
16,L,0.138,0,0,0,0.379,0,0,0,0,0.405,0.026,0,0.052,0,0,0,0,0,0,0
17,A,0.448,0,0,0,0.371,0,0,0,0,0.112,0,0,0,0,0,0.009,0,0,0,0.060
18,L,0.216,0.026,0,0,0,0,0,0.060,0,0.422,0,0,0,0,0,0,0.121,0.155,0,0
19,A,0.336,0,0,0,0.078,0.293,0,0,0,0.103,0,0,0,0,0,0,0.112,0.078,0,0
20,R,0,0,0,0,0,0.379,0.017,0,0.129,0,0,0,0,0.017,0.457,0,0,0,0,0
21,H,0,0,0.009,0,0,0.052,0.267,0,0.241,0.060,0,0.164,0,0.026,0.172,0,0,0,0.009,0
