"gene_id","aqp_family_subfamily","subfamilia_phylo","fuente_seq","needs_reannotation","GreenFruit_1","GreenFruit_2","GreenFruit_3","RedFruit_1","RedFruit_2","RedFruit_3","Crown_1","Crown_2","Crown_3","LeafCtrl_1","LeafCtrl_2","LeafCtrl_3","RootsCtrl_1","RootsCtrl_3","AuxBud_1"
"Fxa1Ag01329","FaPIP2","PIP","GFF3",FALSE,0.189855089978225,0,0,0,0,0,0,0,0,0,0,0,0,0.117370049894236,0
"Fxa1Ag02792","FaSIP2","SIP","GFF3",FALSE,9.88212796189052,10.9798299278481,11.6887803386902,5.32865128106899,5.10142101205061,7.37453984338433,12.8975724795198,14.760503262651,9.97765418256536,11.372962964175,12.856804230135,21.4849800309031,13.1778750930992,18.1273473766293,4.58436698737351
"Fxa1Bg01161","FaPIP2","PIP","GFF3",FALSE,0,0,0,0,0.0934141786197863,0,0,0,0,0,0.173187038228074,0,0,0,0
"Fxa1Cg01161","FaPIP2","PIP","GFF3",FALSE,0.0949275449891123,0.0906168321201205,0.0925569614301212,0,0,0,0,0,0,0.163537601120846,0.173187038228074,0.101527777735167,0,0,0.099491785171069
"Fxa1Cg02650","FaSIP2","SIP","GFF3",FALSE,5.94071787483792,6.13075303364613,5.71408778205838,4.34923606044312,3.55500546231086,3.56743495179119,4.00756715170837,3.20944631287764,2.19751829672063,5.80873912586505,6.51763979919154,11.2478919339539,8.64821171600215,8.0400225572951,6.47877515008638
"Fxa1Dg01169","FaPIP2","PIP","GFF3",FALSE,0,0,0.277670884290364,0,0,0,0,0,0,0.0817688005604228,0.173187038228074,0.203055555470335,0.104348275986134,0,0.099491785171069
"Fxa1Dg02410","FaSIP2","SIP","GFF3",FALSE,13.2912360593041,18.3182979814918,14.7996966961158,9.28231371413301,7.97143375983671,10.3140453083657,24.5037663946226,30.1252274111129,19.0676691410634,17.8168036221119,23.9617357106546,29.6083333209069,20.4889659926844,17.0169512746368,10.13861781736
"Fxa2Ag00184","FaXIP2","XIP","EXONERATE",FALSE,0.676358758047425,0.184469979673102,0,0,0,0,0.0831619538254754,0.0898325089235684,0.188919302549707,0.33291583085315,0.0881398319553591,0.82672619012922,1.06211638057315,0.477863774569391,0.303805272575943
"Fxa2Ag00187","FaXIP1","XIP","GFF3",FALSE,0.0942660289961568,0,0,0,0,0,0,0,0.276467272023961,1.86757661210304,2.83767263856278,0.705741869622505,1.24345332359783,0.58276070069438,0
"Fxa2Ag01701","FaPIP2","PIP","GFF3",FALSE,95.358370000986,99.8736900474682,98.8081162097863,3.36965176152,2.84553959487964,0.641060346131096,49.9456553776774,35.071775305739,40.1549124852616,44.3815889811033,46.6406016028067,32.1921153711046,20.9499231018315,29.0084592546294,59.9246675299593
"Fxa2Ag03929","FaTIP4","TIP","GFF3",FALSE,80.7158716215274,48.0943219731747,71.2879836403318,3.02829039745729,2.86032670897775,1.6155688755676,12.7652453640647,5.47409117738108,7.86903541198779,10.9779683066452,11.2177967943184,12.1959194163691,26.8718370225449,18.5221578738053,58.9756057140077
"Fxa2Bg00218","FaXIP2","XIP","GFF3",FALSE,0,0,0.0792154174401939,0,0,0,0,0,0.0794255326034804,0.909769988217317,0,0.17378628621335,0.178614166102392,1.20542213404892,1.19210877727497
"Fxa2Bg00222","FaXIP2","XIP","GFF3",FALSE,0,0,0,0,0,0,0,0,0,0,0,0,0,0,0
"Fxa2Bg01497","FaPIP2","PIP","GFF3",FALSE,79.7239897783561,67.6782414786496,76.0493288942065,3.06280738527026,3.96513375205263,2.07961525472,126.583110142011,75.9944798893846,113.110407952101,106.769176391344,101.342053592928,79.2132682882678,48.8272225452139,62.6306564116479,89.5902357000547
"Fxa2Bg03539","FaTIP4","TIP","GFF3",FALSE,0.372649453469656,0,0,0,0,0,3.01490719653789,2.63310714861368,2.84159612099559,0,0,0,2.29393730680262,1.6587007051169,0.937360620619989
"Fxa2Cg00636","FaTIP4","TIP","GFF3",FALSE,58.5804940854299,29.5253603829401,57.6262701598197,2.16306456961235,3.15369355092419,1.69634731934598,25.5304907281294,12.3340282224536,16.9767152869737,15.2150788811398,16.7247152206202,19.2105658780715,71.5216881728101,59.1603251491693,108.030811526454
"Fxa2Dg00210","FaXIP2","XIP","GFF3",FALSE,0,0,0,0,0,0,0,0,0,0.584429044757881,0.464184694937314,0.99777298808699,0.279679548489482,0.209720778807883,1.42220232094067
"Fxa2Dg00213","FaXIP1","XIP","GFF3",FALSE,0.188532057992314,0.0899853559380987,0,0.182390810399369,0,0,0.0811336134882687,0.175282944241109,0.184311514682641,0.730790848214232,1.28985119934672,0.201640534177859,0.414484441199278,0.349656420416628,0.296395387878969
"Fxa2Dg01359","FaPIP2","PIP","GFF3",FALSE,55.7588857356593,76.7312207584073,73.2930795620046,37.7472127466132,29.870795495571,33.2526473550265,25.1728431017787,17.3205152036903,32.9865838384545,93.8149330089551,107.906922357932,55.7343498963519,21.4094020982947,32.0544576874075,55.640740932448
"Fxa2Dg03205","FaTIP4","TIP","GFF3",FALSE,7.89292055262683,5.11777264707763,8.93004848513642,0.072036003556815,0.293097698054742,0.161408670228727,8.84415934628358,4.43063823828535,5.45959452322548,2.56558988914354,0.475469919172029,2.46880160446845,25.4557140606358,14.3622176650397,22.9442660903226
"Fxa3Ag00839","FaNIP1","NIP","GFF3",FALSE,2.34701492368844,2.81357036919029,3.13990310648451,0.264018977393841,0.214846328769112,0,2.81867012293474,2.23282416261943,1.81423513141212,5.12470972981076,3.13675851182085,4.02799680395844,20.5794869919796,11.4725869214037,3.60398453815712
"Fxa3Ag00840","FaNIP1","NIP","EXONERATE",FALSE,0,0.0906168321201205,0,0,0,0,0,0,0,0,0,0,0,0,0
"Fxa3Ag00841","FaNIP1","NIP","GFF3_FALLBACK",TRUE,0,0,0,0,0,0,0,0,0,0,0,0,0,0,0
"Fxa3Ag03208","FaPIP2","PIP","GFF3",FALSE,25.9254637617027,19.5644348225962,17.8768111044206,3.84122919685693,2.12601261916327,2.34158693177142,91.6169518935446,70.4648785104641,64.5043892015043,22.281409887963,20.2937207330886,22.7944469328794,410.851067605823,271.309736413433,8.5065476321264
"Fxa3Ag03414","FaTIP1","TIP","GFF3",FALSE,1.02275671783949,0.767102885769337,1.06844557186436,0,0.0718893993878644,0,1.32041122005525,2.58096641299757,1.85688459391791,2.83173231463751,1.59936904790283,1.40640188959876,180.36284862687,136.210531170688,3.5986295113406
"Fxa3Bg00729","FaNIP1","NIP","GFF3",FALSE,3.01415786840851,4.02819658516417,3.20605815082054,0.371124042632342,0.107858369642022,0,2.12256708616001,0.815225469232112,0.803640517260738,3.54046207693255,1.04982217129813,2.11007764935074,12.7109728084257,8.7409383207865,3.8483368761139
"Fxa3Bg00730","FaNIP1","NIP","GFF3",FALSE,0,0,0,0,0,0,0,0,0,0,0,0,0,0.245959295734246,0
"Fxa3Bg03093","FaPIP2","PIP","GFF3",FALSE,156.408567121875,131.196526358215,144.41366959549,14.3680674999955,9.24860463232781,7.41972236054997,50.3822341560543,40.3456483251297,35.9581357276168,32.6324144995657,33.1819061431369,31.5207826887009,565.598609765171,387.991910575858,8.33021462188218
"Fxa3Bg03276","FaTIP1","TIP","GFF3",FALSE,2.83126921973341,2.4254997327322,2.33586285040328,1.68556516372655,1.71454288486406,0.236049352257574,7.81038027877899,15.5238289123734,13.9813802262636,4.62747049325398,2.5164789230904,2.25168269136268,197.827251006288,171.979667563274,7.07610849541821
"Fxa3Cg00714","FaNIP1","NIP","GFF3",FALSE,0.129860881545106,0.371891479020974,0.189926884854609,0.125630790203085,0,0,5.47671363113051,3.07873974582853,1.96778345535775,0.615228455416621,0.236919868296005,0.486114999795981,21.5550146739037,12.3632915756593,0
"Fxa3Cg00715","FaNIP1","NIP","GFF3",FALSE,0,0,0,0,0,0,0,0,0,0,0,0,0,0,0
"Fxa3Cg03061","FaPIP2","PIP","GFF3",FALSE,83.1921272398333,69.0655603896095,75.0663402044406,5.72068776817621,3.87935738925313,3.07887038461296,56.333907521377,45.8145795510199,43.1302767720981,17.3782063705344,13.1680908941307,17.2372410641942,380.577541486971,245.645873317396,6.80523810570112
"Fxa3Cg03258","FaTIP1","TIP","GFF3",FALSE,0.875073325775644,0.696113130841896,1.13762734264516,1.48149516748921,0.645841962694749,0.0790365905432668,1.25527477472416,2.50853043786568,2.85161211395784,1.94724353895239,0.731726906799208,1.09190251526501,206.571616055623,180.145626715027,3.59216297133819
"Fxa3Dg00712","FaNIP1","NIP","GFF3",FALSE,5.82586304866809,3.73293233202797,3.89066873268209,0.694860565282552,1.09947661561341,2.07593451975589,2.47278021994334,1.03877119463241,1.87247450314754,5.29326350530525,1.38319736283926,4.01169493440285,26.405654440916,20.6228525721245,1.00372243446919
"Fxa3Dg00713","FaNIP1","NIP","GFF3",FALSE,0,0,0,0,0,0,0,0,0,0,0,0,0,0,0
"Fxa3Dg02827","FaPIP2","PIP","GFF3",FALSE,153.153167702069,125.748355671583,149.781395244783,4.21240578738886,2.57089450815184,2.57988321620951,120.324282719503,100.828316453612,96.5434392901013,44.7578901350855,34.5825898599096,33.8407769886585,458.66105571034,324.311582286085,14.7860591888892
"Fxa3Dg02998","FaTIP1","TIP","GFF3",FALSE,9.56147452923159,12.6806521998309,9.39386570773694,0.847329969894911,0.359123753237038,0.237322999841698,9.61148768493713,16.489758742337,9.91826338385961,7.98459101515604,4.72721185055541,3.98122189581113,153.403226304939,100.351392659572,19.8129122007261
"Fxa4Ag01484","FaNIP7","NIP","GFF3_FALLBACK",TRUE,0,0.128486553006141,0,0.130214334787609,0,0,0.810932485064337,0,0.789513503192805,0.115940836615525,0.368345566380605,0,0.887739064359648,0.166420219999291,0.141070441660471
"Fxa4Ag03283","FaNIP4","NIP","EXONERATE",FALSE,0,0,0,0,0,0,0,0,0,0,0,0,0,0,0
"Fxa4Bg01616","FaNIP7","NIP","GFF3",FALSE,0,0.0884445108021724,0,0,0,0,1.51514244640935,1.98123752557459,0.815199730180242,0,0,0,0.101846776219343,0,0
"Fxa4Bg03148","FaNIP4","NIP","EXONERATE",FALSE,0,0,0,0,0,0,0,0,0,0,0,0,0,0,0
"Fxa4Cg01442","FaNIP7","NIP","GFF3",FALSE,0,0,0,0,0,0,0,0.0882564999950847,0.464012322051912,0,0,0,0,0,0
"Fxa4Cg03033","FaNIP4","NIP","EXONERATE",FALSE,0,0,0,0,0,0,0,0,0,0,0,0,0,0,0
"Fxa4Dg01302","FaNIP7","NIP","GFF3",FALSE,1.42892695362132,1.72778220398047,1.20747726091056,0,0,0,0,0,0,0,0,0,0,0,0
"Fxa4Dg02771","FaNIP4","NIP","EXONERATE",FALSE,0,0,0,0,0,0,0,0,0,0,0,0,0,0,0
"Fxa5Ag00335","FaPIP1","PIP","GFF3",FALSE,3.32408399859485,1.45435376465825,3.44364019040993,0,0,0,1.49010326820391,1.54524179172281,1.42173058744745,154.260470224498,162.035906084485,142.80072519604,4.56746293352276,7.44929279981466,33.5326365703276
"Fxa5Ag01079","FaNIP5","NIP","GFF3",FALSE,35.8171978971565,23.3330984033848,28.6799878328402,28.8571884689222,20.8660399495654,20.4101450753262,63.0487239721864,43.839931779461,44.551642485272,3.37395904679016,1.99265550480979,1.73209686702247,115.921008218471,67.6149522699299,16.7762540308757
"Fxa5Ag02048","FaTIP3","TIP","GFF3",FALSE,94.5338425987673,75.3501220439294,219.339935664222,29.3879828961336,57.4780680845648,1.90681485421942,0.807584291484385,0.272613105114875,0.515979019969575,1.66698461547134,2.67476368650656,2.32068731839019,1.2248105082332,1.16013170704708,0.799025427873145
"Fxa5Ag02099","FaTIP2","TIP","GFF3",FALSE,0.135837742201993,0.129669274414566,0.066222763198957,0.131412960463478,0.0668360859580898,0.0736131592256535,0.0584569382538906,0.189437592039659,0.46478891171225,0.175512111663167,0.619560325041855,0.581129706869075,293.85871649424,173.494541618976,0.0711844990136101
"Fxa5Ag03930","FaNIP1","NIP","GFF3_FALLBACK",TRUE,0,0,0,0,0,0,0,0,0,0.130190548378327,0,0.161650372371635,0.33228221962065,0,0
"Fxa5Bg00282","FaPIP1","PIP","EXONERATE",FALSE,4.4873802216608,3.04198091480164,7.41901893963316,0.125832121597642,1.08796080628092,0.422921756128154,0.111948783995832,0.181392566095667,0.190735834304993,49.2411323855633,34.7050588324227,38.2559595192007,2.35912388377305,3.2163907903709,29.1730960460745
"Fxa5Bg01013","FaNIP5","NIP","GFF3",FALSE,17.8765643415934,15.8576247398875,21.2412326959091,0.834127944868219,0.905032552067052,0.249200354885711,127.888007462208,89.7816123179459,97.3282276535119,3.02029163826406,2.20224735933787,1.59841536760111,98.0637310924649,59.2016360378354,23.0134645571692
"Fxa5Bg01989","FaTIP3","TIP","EXONERATE",FALSE,147.183741676589,141.078235200743,332.096449782053,46.6818390213579,102.717254841287,4.59532893225815,0.173771246799501,0.563129160416399,0,1.04346752953972,3.86762844699636,1.51155161628104,1.33160859653947,0.998521319995743,1.90445096241636
"Fxa5Bg02045","FaTIP2","TIP","GFF3",FALSE,0.199254625938685,0.126804241346486,0.0647595761233663,0.192764101170855,0.261437390245228,0.431920091364923,0.22866134603404,0.12350132159705,0,0.286056974137322,0.30293559264526,0.355181055497414,323.870748113494,167.279694637928,0
"Fxa5Bg03706","FaNIP1","NIP","GFF3_FALLBACK",TRUE,0,0,0,0,0.109559839121972,0,0.0958244735437576,0.103510709870778,0.326527189592086,0.287705039008895,0.101560300195476,0,0,0,0.116687896188291
"Fxa5Cg00258","FaPIP1","PIP","GFF3",FALSE,2.07401322740267,2.57378046596714,5.25777151428857,0.334409045472438,1.36063241430864,0,1.78507771414138,1.22123240410575,0.743447340527808,88.4325399076277,72.7761733426294,68.8386871516882,4.40769250949948,8.12042785575755,27.389054556591
"Fxa5Cg00895","FaNIP5","NIP","EXONERATE",FALSE,18.0362335479313,18.0611784019809,16.8530800604012,4.44771316078461,3.52363776705518,3.40180201225521,70.0462809770523,51.004902288826,53.0702720495843,2.20855927003887,2.21789773221002,1.70208333261898,53.3071352053674,32.3026541730976,10.9343422722322
"Fxa5Cg01763","FaTIP3","TIP","GFF3",FALSE,109.046653404734,102.511593301865,261.96811704084,28.8806414259966,58.7542971732725,3.48275796106556,0.356863556645718,0.192744080449036,0.304008073068494,0.714302165815188,0.18911228312261,1.21950031877299,0.455774079019896,0.640813490801866,0
"Fxa5Cg01808","FaTIP2","TIP","GFF3",FALSE,0.0679188711009967,0.0648346372072828,0.397336579193742,0,0,0,0.116913876507781,0.315729320066098,0.730382575547821,0.936064595536891,0.433692227529298,0.508488493510441,231.294284476412,163.50139038342,0
"Fxa5Cg03343","FaNIP1","NIP","GFF3_FALLBACK",TRUE,0,0,0,0,0,0,0,0,0,0,0,0,0,0,0
"Fxa5Dg00262","FaPIP1","PIP","GFF3",FALSE,2.14314700164942,1.84784238582256,2.96592239267561,0,0,0,0.0595025904713793,0.128550779379553,0.202758365598493,70.1505266068588,52.5956053446732,59.0785295748645,0.455968190637877,1.11121644341945,27.9687170868892
"Fxa5Dg01809","FaTIP3","TIP","GFF3",FALSE,200.057073261537,158.220113600079,422.666151799688,61.0705230153887,122.404785777651,9.10010951117131,6.86962346543007,4.3367418101033,6.18149748572604,3.83937414125664,5.29514392743307,3.76936462166196,3.87407967166911,5.51099602089605,2.71601137679642
"Fxa5Dg01850","FaTIP2","TIP","GFF3",FALSE,34.5518831323059,27.4857190080541,36.0010267966617,189.350664073828,199.33946321582,143.33305487156,0.524794967379461,0.440914150643224,0.529857142376474,1.05043559317605,1.05061502531096,0.724593071482205,587.511715035637,347.627946191339,0.213018722006504
"Fxa6Ag00070","FaSIP1","SIP","EXONERATE",FALSE,30.6993297376505,25.4800124224622,26.6215508059807,31.999055872857,29.4078778215595,28.1202268241997,14.7311484399804,15.7864660033049,21.4466883547224,12.7538801141901,17.5955132311887,18.2329445530172,17.0969629261131,13.8560500324932,19.7892907257836
"Fxa6Ag00747","FaNIP1","NIP","GFF3",FALSE,0,0,0,0,0,0,0,0,0,0,0,0,0,0,0
"Fxa6Ag00748","FaNIP1","NIP","GFF3",FALSE,0.480254739441959,0.85139990618355,0.334472536021782,0.730102859379723,0.540112410616516,0.446159215256074,2.24389650558679,2.23252389040821,2.95116543627945,0.354584908600988,0.375506976377861,0.660402577913874,2.41332952745615,2.54483666930445,1.58194461459663
"Fxa6Ag01549","FaPIP2","PIP","EXONERATE",FALSE,0,0,0,0,0,0,0.0734553535366975,0.0793473264940036,0.083434392293246,0,0,0,0,0,0
"Fxa6Ag01550","FaPIP2","PIP","GFF3",FALSE,11.7269807478945,10.5463521458736,9.20748206044206,4.89625703262976,5.58780174162159,3.41167603726803,26.508109935731,28.1179168615519,27.2129994592893,3.08358541429001,2.08318325260271,1.58429657728185,8.68431583568252,8.31810022805579,1.35846007813425
"Fxa6Ag01681","FaTIP1","TIP","GFF3",FALSE,471.058147309583,266.02228086094,416.136013753014,148.546030579267,178.186475435636,144.086457438873,383.59994767138,392.028739584033,454.040097565064,168.853322642155,88.8992402233521,72.5639779713787,100.666436495679,122.610821645472,299.327556001221
"Fxa6Ag02836","FaNIP6","NIP","GFF3",FALSE,10.2605825217793,8.15242801916406,8.68641127426138,0.713270951190871,0.544149965540693,0.466142374657526,1.26914836421013,1.7136860142876,1.56169476445329,0.846780614433448,0.672558293800167,1.31425056720012,1.28322312141919,0.379831160709963,2.18942179782209
"Fxa6Ag03173","FaTIP2","TIP","GFF3",FALSE,16.3526294921633,11.5285212804946,13.0187097597506,0.653117555353378,1.18105911600617,0.650408319960488,80.7024505700084,124.06849171444,191.178651694802,13.5043214566957,7.39006058686708,10.1889036463707,61.6773534419336,53.1435748557624,79.0118333667933
"Fxa6Ag04017","FaNIP5","NIP","EXONERATE",FALSE,0,0,0,0,0,0,0.0974282304231511,0,0,0,0,0,0.622160222929879,0,0
"Fxa6Ag04289","FaSIP1","SIP","GFF3",FALSE,60.1456217900024,49.3037945671746,51.9944467835448,10.2745567056587,12.76145762467,15.0247905427787,6.15810831633272,6.75599860499564,8.63408052148661,1.05927764362366,1.12177967943184,1.55438188639998,14.2551818351305,15.8958817573703,9.2564361286224
"Fxa6Ag04290","FaSIP1","SIP","GFF3",FALSE,19.7876859792387,18.2488070800581,17.7674943935384,3.35275008289915,3.08035184043758,2.54452097901897,1.34708619419778,1.03938440076856,1.63938237749746,3.17783293087098,2.95741915486577,2.75006026055381,10.3227178806118,9.39930399566241,5.62416372371994
"Fxa6Ag04860","FaNIP2","NIP","GFF3",FALSE,0,0,0,0,0,0,0.234941842645962,0.253786908618153,0,0,0,0,7.20143483150943,17.6627451205749,0
"Fxa6Ag04861","FaNIP2","NIP","GFF3",FALSE,0.24251907659071,0.0771687165963177,0.0788209183493562,0,0,0,0,0,0,0.417802735931244,0.294969955547815,0.172920816660494,0.533173959968992,0.899564276828834,1.1014454105343
"Fxa6Ag04862","FaNIP2","NIP","EXONERATE",FALSE,0,0.144278196392371,0,0,0,0,0,0,0.443274341178083,0,0,1.13155260660145,0.6645644392413,2.80311152680369,0.316817416466533
"Fxa6Ag04864","FaNIP2","NIP","GFF3_FALLBACK",TRUE,0,0,0.64338375628255,0,0,0,0,0,0,3.12616085069421,0,3.17583841330127,1.81336943024684,1.63172996194426,0
"Fxa6Bg00716","FaNIP1","NIP","GFF3",FALSE,0,0,0,0.464610910514369,0.540112410616516,0.446159215256074,0.708598896501092,1.53087352485134,0.53657553386899,0,0.125168992125954,0.0733780642126527,0.603332381864038,1.27241833465223,0.287626293563023
"Fxa6Bg01475","FaPIP2","PIP","GFF3",FALSE,7.8588596928382,4.5917318813455,4.22764351373642,2.29396789289858,3.46677327331861,1.10143228641055,0,0.12597547161235,0.0662321427970592,0.291787664771125,1.66862386372917,0.362296535741102,35.5232713996703,19.6849559891481,0
"Fxa6Bg01476","FaPIP2","PIP","GFF3",FALSE,27.2886793404331,25.9274735209833,21.8715015039264,1.42200205446406,1.57222682519522,0.692659254131149,10.835937101606,12.2398561764837,9.99635994593725,0.440392595144324,1.04934981036617,0.136702755848139,21.0750651893255,6.0842970352654,1.80847863045207
"Fxa6Bg01580","FaTIP1","TIP","GFF3",FALSE,333.133035952671,166.743276951812,273.096059226093,361.073369872181,368.744978130361,377.188834862365,150.340957625171,166.480800313826,208.292622044905,39.5379506907815,11.4008185935291,14.003574696231,31.4020403040949,43.3231035221434,161.944082785761
"Fxa6Bg02677","FaNIP6","NIP","GFF3",FALSE,5.59745179073731,2.97408334176934,3.86155832902181,0.255430201291244,0.36375007094302,0.114466786304042,1.22713930563551,0.883713425455012,1.44547234742001,0.500348451054507,0.385360878815884,0.903643460908972,1.1028872761189,0.261161724553213,0.830177062341549
"Fxa6Bg02964","FaTIP2","TIP","GFF3",FALSE,18.1775312301041,11.7822761210562,16.4836697300851,1.01315153389585,0.809733041400083,0.324304977971082,26.5903640747778,23.2984958627577,33.2010438803485,20.0393851732896,11.0544408594334,12.4808986122734,90.2045163475158,63.4479772944392,63.0346939744666
"Fxa6Bg03993","FaSIP1","SIP","GFF3",FALSE,69.312798345356,67.5526016472328,62.1317288608397,21.3061860106817,22.9926262375519,21.5678444888275,10.1993668989261,9.45839804699389,15.0823178729766,12.8076296910861,11.115816823461,13.5111656279383,5.77580643319944,9.53752905442215,9.2564361286224
"Fxa6Bg04002","FaSIP1","SIP","EXONERATE",FALSE,5.74605670553565,9.02760166010846,6.30288334694498,2.77944226113021,4.47644050642604,3.50313950208807,4.73949542155806,3.22761049760785,6.90474973035655,4.94954509586984,3.60359312950229,4.22508296282854,5.3951752429114,4.44032710883063,4.76768156372866
"Fxa6Bg04544","FaNIP2","NIP","EXONERATE",FALSE,0,0,0,0,0,0,0,0,0,0,0,0,0,1.77928001169454,0
"Fxa6Bg04546","FaNIP2","NIP","GFF3",FALSE,0.081163050965691,0,0,0,0,0,0,0,0,0,0,0.0868062499635681,0,0,0
"Fxa6Cg00057","FaSIP1","SIP","EXONERATE",FALSE,12.8502009718201,12.9011488968832,11.6652090333813,8.57352981367735,12.7180131719614,11.0459928006392,9.28023841415496,7.00350260652533,11.0463643146899,6.55229246710977,6.26522627147648,7.89865786747662,9.09225742350518,8.12672788598901,13.3906527785065
"Fxa6Cg01396","FaPIP2","PIP","GFF3",FALSE,3.60601388432667,1.58873666704107,1.94730230541294,0.805050347336928,0.218370807163137,0.42089820705577,0.71622735352084,0.618941688277217,0.976233716524801,0.382295690931847,0.50606602079632,0.474675324476107,9.26937932136567,1.92060081645114,0.872168246629501
"Fxa6Cg01397","FaPIP2","PIP","GFF3",FALSE,15.9213654549217,12.9700352964849,13.6562472517141,3.18477759087836,6.12565542984616,1.81644270478641,12.6729986272096,15.192028721499,15.4479146509672,2.11386821802774,2.78459469097904,1.66442662172033,20.856957951255,6.5864852114321,8.21797743221651
"Fxa6Cg01508","FaTIP1","TIP","GFF3",FALSE,417.836645081883,268.996941472163,336.56546637644,24.6320719061937,23.292099266066,20.8791841038282,218.886546801139,182.018679166496,149.713767803467,25.4051225108269,35.7586622744373,29.3879484697268,122.212758432905,68.0395366974284,139.062880793824
"Fxa6Cg02462","FaNIP6","NIP","GFF3",FALSE,3.06275664021476,2.77245057283583,3.39817132953919,0.357602281807742,0.207857183396011,0.228933572608083,0.49994564303669,0.540047093333618,0.929232223341434,0.45486222823137,0.289020659111913,0.0564777163068107,1.1028872761189,0.652904311383033,1.16224788727817
"Fxa6Cg03541","FaSIP1","SIP","GFF3",FALSE,51.8728039229761,64.8846473957623,59.9516681990558,12.6539277322323,18.8121487398152,14.5401198801084,0.192440884885398,0.311815320230568,0,4.23711057449464,4.28315877601249,7.53277375716913,2.45778997157423,3.04095129271431,6.09284403402993
"Fxa6Cg03543","FaSIP1","SIP","GFF3",FALSE,19.0051221269524,15.0472619782936,19.0755307906087,11.031629305023,11.2212817044512,9.20874259073534,1.34708619419778,2.28664568169083,2.73230396249576,3.27413089847313,0.713859796002082,3.58703512246149,5.77580643319944,4.28497682155198,6.09284403402993
"Fxa6Cg04054","FaNIP2","NIP","EXONERATE",FALSE,0,0,0,0,0,0,0,2.14068957434886,0,0,0,0,0,0,0
"Fxa6Cg04057","FaNIP2","NIP","EXONERATE",FALSE,2.07445497675888,1.89774228289901,1.76981921456638,0,0,0,0,0,0.253501939523568,0.446724118077709,0.157694268035147,0.369781682485913,0.475068029649332,0.213740985430399,1.08709873892989
"Fxa6Dg00623","FaNIP1","NIP","GFF3",FALSE,0,0,0,7.65804971145351,7.69110070636241,8.68817039749689,0,0,0,0,0,0,0,0,0
"Fxa6Dg00624","FaNIP1","NIP","GFF3",FALSE,10.5299998725496,18.0149621261213,13.5338239348096,653.621439551752,749.37019353978,844.253012913969,17.1844684366576,14.685004238862,12.1659574447343,0.235593342810991,0.062373596328982,0.0731307918816917,3.23198345967162,1.69084065138285,1.79160649370817
"Fxa6Dg01485","FaTIP1","TIP","GFF3",FALSE,24.2143908958415,11.9141108418705,13.9180613133941,1.15682127258826,1.91215210931662,0.40500794325348,53.5820279288781,41.6902251357997,48.8789554607888,31.0936028760912,21.2704301646966,15.7466217705552,14.4588660869185,20.9758435853802,123.133451912548
"Fxa6Dg02490","FaNIP6","NIP","GFF3",FALSE,3.90765502372227,3.37734887963637,2.98627177444353,0.204344161032995,0.103928591698006,0.572333931520208,1.45438732519764,1.17828456727335,1.23897629778858,1.27361423904784,0.578041318223826,0.79068802829535,1.8574943597792,1.10993732935116,2.82260201196127
"Fxa6Dg02788","FaTIP2","TIP","GFF3",FALSE,15.1853450193874,11.9250915891902,16.1189867714549,2.24340696791224,3.68060473363674,2.91874480173974,22.3410564986632,17.8737714529216,22.3777960955653,16.9464897124604,17.1275596031962,15.2811002240014,87.3265235743498,60.9507536983024,54.0185374980193
"Fxa6Dg03788","FaSIP1","SIP","GFF3",FALSE,46.7302414650948,51.5448761384099,49.269370956315,16.980056871457,16.9419351224067,18.1751498501355,8.46739893495749,8.00325988591791,10.3827550574839,7.31864553776347,6.62869810573362,8.36974861907681,11.7973918635563,15.6194316398508,11.4826676025949
"Fxa6Dg03790","FaSIP1","SIP","GFF3_FALLBACK",TRUE,2.17887385142795,2.59991246519138,3.00965421563045,0.526974791120325,2.68017190335293,1.18077483590142,0.312554994243397,0.168812768446974,0.355016139019584,0.782017052339614,1.1594232928356,2.5245665537503,1.59673871978782,1.34699855918889,1.14181847411093
"Fxa6Dg04288","FaNIP2","NIP","GFF3",FALSE,0,0,0,0,0,0,0,0,0,0,0,0.0868062499635681,0.356871103872578,0,0.680523810570112
"Fxa6Dg04289","FaNIP2","NIP","GFF3",FALSE,0,0,0,0,0,0,0,0,0,0,0,0,0,0,0
"Fxa7Ag00344","FaTIP1","TIP","GFF3",FALSE,0.244221818352129,0.388552615158992,0.0793743249977469,0.945066124897834,2.64361188541351,0.264697267626848,3.22304703692715,2.95176829722778,2.54671557298702,1.33233115857981,0.965383114295408,0.783607070884767,188.279037750227,135.781372816212,4.18075059151649
"Fxa7Ag01470","FaPIP1","PIP","GFF3",FALSE,103.421814106784,95.2920090649132,96.3397242016132,78.1253346267097,52.0217780926552,44.9400335642264,195.608597009761,234.516928061772,343.059130153432,46.8810068831836,35.4711236762153,26.9273568030801,141.211747414463,163.532495228684,92.3913492820418
"Fxa7Ag01972","FaPIP2","PIP","GFF3",FALSE,104.008946793071,83.962536081433,83.5326576906844,234.161833961862,223.396894363265,229.107053381993,268.350688690881,280.596832317706,277.711374748069,34.6972277044728,11.5717806042725,18.7115694365913,140.038864649258,101.094736308902,111.089210929177
"Fxa7Ag02144","FaTIP1","TIP","GFF3",FALSE,0,0,0,0,0,0,0,0,0,0,0,0,0,0,0
"Fxa7Ag02374","FaPIP1","PIP","EXONERATE",FALSE,829.78151923651,790.480694896287,700.643155908725,798.32656683597,674.313220636247,631.528296812689,239.161682917874,252.925878851823,249.218909027163,61.8406288347492,61.0472501546809,40.798937482877,620.874613669224,400.493285250474,120.251650617787
"Fxa7Ag02742","FaTIP5","TIP","GFF3",FALSE,0,0,0,0,0,0,0,0,0,0,0,0,0,0,0
"Fxa7Bg00386","FaTIP1","TIP","GFF3",FALSE,0.163965759526649,0.547819939635274,0.159871115197482,0.475874205314718,0,0,7.12672743692256,26.4488683848906,32.4597710744497,1.41237019149821,1.27135030335609,2.01671085773946,60.9204207620866,38.2146212451098,9.27987014413789
"Fxa7Bg01478","FaPIP1","PIP","GFF3",FALSE,45.7825304351158,30.180906286483,36.4320120610654,3.11163951282937,1.81826839244331,1.33509195189191,44.5288087329932,47.2734110197112,55.0605785154568,23.7560428036274,21.1624776961282,11.7107925751863,139.318145946884,154.334688204941,65.4129126517646
"Fxa7Bg01892","FaPIP2","PIP","GFF3",FALSE,86.3413517324745,68.9439514359177,67.0717843873171,46.9849874374367,49.3482826744956,42.8318339987412,245.45789632539,311.161953004833,438.881489480015,15.1187162406246,3.13254527003197,9.3277367321497,136.19342160886,60.45345817034,53.4158632373283
"Fxa7Bg02050","FaTIP1","TIP","GFF3",FALSE,0,0,0,0,0,0,0,0,0,0,0,0,0,0,0
"Fxa7Bg02233","FaPIP1","PIP","GFF3",FALSE,90.3570649910619,97.8784150211492,77.8894951641807,908.714460082051,826.73229954195,751.586213918272,141.59866718575,116.613783526889,90.5962302789758,11.7482075643902,10.0530983124477,10.1588709634783,275.551075514517,122.860819820271,47.1593300835815
"Fxa7Bg02566","FaTIP5","TIP","GFF3",FALSE,0,0,0,0,0,0,0,0,0,0,0,0,0,0,0
"Fxa7Cg00335","FaTIP1","TIP","GFF3",FALSE,0.244467020980997,0.622308365162273,0.0794540180951342,1.26135331529202,0.561329175742391,0.706568074495229,3.57696596574635,10.3794428985183,9.71910146852107,0.491351678066396,0,0.174309738882667,103.90825313559,73.3492106989644,0.854071047402249
"Fxa7Cg01379","FaPIP1","PIP","GFF3",FALSE,77.7585605728349,63.8278510204483,77.6756345357565,22.5940441692839,21.240362334072,14.5382901670363,70.7351021347089,58.6202338432118,117.288456928595,136.246920943869,105.403999711179,87.0247220691811,143.481943398434,147.243780001335,94.1286604595195
"Fxa7Cg01769","FaPIP2","PIP","GFF3",FALSE,922.27815641595,744.17188021838,729.997488408043,929.420983829877,925.247386647708,911.691926872277,222.533478713491,232.309004120153,351.973880507272,48.11667246188,17.8491892189651,26.4890934499131,108.251687221586,88.4868620875356,64.6138030181332
"Fxa7Cg01932","FaTIP1","TIP","GFF3",FALSE,0,0,0,0,0,0,0,0,0,0,0,0,0,0,0
"Fxa7Cg02122","FaPIP1","PIP","GFF3",FALSE,825.157684817859,799.320055165514,705.452900013646,3848.91665950172,3880.18828853496,3516.06733755457,203.432120020102,161.115818707243,148.208043838094,46.4507561291726,39.5199949226867,36.8209693914534,793.448779368349,522.098461809936,323.529807089732
"Fxa7Cg02454","FaTIP5","TIP","GFF3",FALSE,0,0,0,0,0,0,0,0,0,0,0,0,0,0,0
"Fxa7Dg00308","FaTIP1","TIP","GFF3",FALSE,0.081163050965691,0.154954782925406,0,0.235557731630785,0.239607368159752,0,8.73200515167491,14.6391056541847,14.4409914868996,0.489386271354131,0.740374588425017,1.12848124952639,162.733223365896,101.756312156806,8.25135120316261
"Fxa7Dg01388","FaPIP1","PIP","GFF3_FALLBACK",TRUE,24.9732464509819,25.4194471990104,22.9661005870229,3.70632794523963,4.79400911430739,1.94800324034786,31.18282492393,27.2198784032043,43.1409777955292,11.5298297363652,9.79399950888571,5.91860795206146,29.6352752341739,30.6434322573519,36.8319632323422
"Fxa7Dg01838","FaPIP2","PIP","GFF3",FALSE,79.5785228557318,66.7773323380636,69.7520103150663,93.0535363082326,90.0909844129219,84.5329767823701,80.2106966354867,90.9549281240017,120.424785785807,35.2847451095117,13.811760217907,23.6630196936118,56.5755528012023,35.9175266568968,50.4365080140539
"Fxa7Dg01994","FaTIP1","TIP","GFF3",FALSE,0,0.204156499242959,0.104263770780967,0.310352742596555,0,0,0,0,0,0,0,0,0.117546476901376,0,0
"Fxa7Dg02199","FaPIP1","PIP","EXONERATE",FALSE,530.806353315619,504.025648461002,439.062037222605,220.139407378588,161.771277654523,164.499646263607,133.93308265369,134.523365453872,144.842711816655,26.3124566676117,30.2880513446598,22.0961363543628,305.043686741993,197.509786461794,44.3887121894596
