"homeolog_group","tissue","subgenome","family","sub_subfamily","mean_proportion","sd_proportion","mean_tpm"
"HG-01","aux_bud","A","PIP","PIP2;8",0,NA,0
"HG-01","aux_bud","B","PIP","PIP2;8",0,NA,0
"HG-01","aux_bud","C","PIP","PIP2;8",0.5,NA,0.099155013230047
"HG-01","aux_bud","D","PIP","PIP2;8",0.5,NA,0.099155013230047
"HG-01","green_fruit","A","PIP","PIP2;8",0.222222222222222,0.384900179459751,0.063278186611992
"HG-01","green_fruit","B","PIP","PIP2;8",0,0,0
"HG-01","green_fruit","C","PIP","PIP2;8",0.527777777777778,0.411073571859687,0.0926918525230997
"HG-01","green_fruit","D","PIP","PIP2;8",0.25,0.433012701892219,0.0925633530641409
"HG-01","leaf","A","PIP","PIP2;8",0,0,0
"HG-01","leaf","B","PIP","PIP2;8",0.111111111111111,0.192450089729875,0.0577041335759273
"HG-01","leaf","C","PIP","PIP2;8",0.444444444444444,0.192450089729875,0.146018415270816
"HG-01","leaf","D","PIP","PIP2;8",0.444444444444444,0.192450089729875,0.152601610414914
"HG-01","red_fruit","A","PIP","PIP2;8",0,NA,0
"HG-01","red_fruit","B","PIP","PIP2;8",1,NA,0.0934055562081526
"HG-01","red_fruit","C","PIP","PIP2;8",0,NA,0
"HG-01","red_fruit","D","PIP","PIP2;8",0,NA,0
"HG-01","roots","A","PIP","PIP2;8",0.5,0.707106781186548,0.0586411616358029
"HG-01","roots","B","PIP","PIP2;8",0,0,0
"HG-01","roots","C","PIP","PIP2;8",0,0,0
"HG-01","roots","D","PIP","PIP2;8",0.5,0.707106781186548,0.0521301555096346
"HG-02","aux_bud","A","SIP","SIP2;2",0.216225775461218,NA,4.56884926230666
"HG-02","aux_bud","C","SIP","SIP2;2",0.305577233394417,NA,6.45684500098927
"HG-02","aux_bud","D","SIP","SIP2;2",0.478196991144366,NA,10.1042993859863
"HG-02","crown","A","SIP","SIP2;2",0.312576198373822,0.00630151032865351,12.5407459260923
"HG-02","crown","C","SIP","SIP2;2",0.0779493878475211,0.0164074064552204,3.13705058618315
"HG-02","crown","D","SIP","SIP2;2",0.609474413778656,0.0173228449963328,24.5567416997292
"HG-02","green_fruit","A","SIP","SIP2;2",0.337438769262939,0.0265882766039371,10.849274104827
"HG-02","green_fruit","C","SIP","SIP2;2",0.18484519448152,0.0167762853528729,5.92794290262839
"HG-02","green_fruit","D","SIP","SIP2;2",0.477716036255541,0.0340935219799798,15.4681289518748
"HG-02","leaf","A","SIP","SIP2;2",0.322088989339074,0.0241078237015891,15.2313308358551
"HG-02","leaf","C","SIP","SIP2;2",0.165597644314595,0.0150172251330605,7.8545213874822
"HG-02","leaf","D","SIP","SIP2;2",0.512313366346331,0.0390942271637249,23.7848636806167
"HG-02","red_fruit","A","SIP","SIP2;2",0.311594172844722,0.0332080383538217,5.93387331275261
"HG-02","red_fruit","C","SIP","SIP2;2",0.203672510898022,0.0320027915197861,3.82325990493998
"HG-02","red_fruit","D","SIP","SIP2;2",0.484733316257256,0.00510115044966912,9.18772342777384
"HG-02","roots","A","SIP","SIP2;2",0.365594869227248,0.0766107791708219,15.6402822825727
"HG-02","roots","C","SIP","SIP2;2",0.195277962318586,0.0128675871069052,8.33746723960417
"HG-02","roots","D","SIP","SIP2;2",0.439127168454166,0.0637431920639168,18.7379630537324
"HG-03","aux_bud","A","XIP","XIP2;1",0.1041100607285,NA,0.302776915398894
"HG-03","aux_bud","B","XIP","XIP2;1",0.408519958013735,NA,1.18807358194561
"HG-03","aux_bud","D","XIP","XIP2;1",0.487369981257765,NA,1.41738827689346
"HG-03","crown","A","XIP","XIP2;1",0.901338971106413,0.170885914770714,0.120595539558035
"HG-03","crown","B","XIP","XIP2;1",0.098661028893587,0.170885914770714,0.0264662271241883
"HG-03","crown","D","XIP","XIP2;1",0,0,0
"HG-03","green_fruit","A","XIP","XIP2;1",0.666666666666667,0.577350269189626,0.286903667203658
"HG-03","green_fruit","B","XIP","XIP2;1",0.333333333333333,0.577350269189626,0.026406962585866
"HG-03","green_fruit","D","XIP","XIP2;1",0,0,0
"HG-03","leaf","A","XIP","XIP2;1",0.251835345548955,0.140650104936911,0.415735580825052
"HG-03","leaf","B","XIP","XIP2;1",0.194964929415397,0.2659518723633,0.361018677378417
"HG-03","leaf","D","XIP","XIP2;1",0.553199725035647,0.264428234653776,0.681818063349036
"HG-03","roots","A","XIP","XIP2;1",0.475504346174258,0.315465728840672,0.769363812383121
"HG-03","roots","B","XIP","XIP2;1",0.377127051942195,0.367199741884558,0.691492376681494
"HG-03","roots","D","XIP","XIP2;1",0.147368601883547,0.051734013043886,0.244503903113308
"HG-04","aux_bud","A","XIP","XIP1;1",0,NA,0
"HG-04","aux_bud","D","XIP","XIP1;1",1,NA,0.295392112584287
"HG-04","crown","A","XIP","XIP1;1",0.2,0.346410161513775,0.0921246024287948
"HG-04","crown","D","XIP","XIP1;1",0.8,0.346410161513775,0.146857250029108
"HG-04","green_fruit","A","XIP","XIP1;1",0.166666666666667,0.235702260395516,0.0471279177293146
"HG-04","green_fruit","D","XIP","XIP1;1",0.833333333333333,0.235702260395516,0.139237635994071
"HG-04","leaf","A","XIP","XIP1;1",0.728009259259259,0.0458456072230055,1.80285978788511
"HG-04","leaf","D","XIP","XIP1;1",0.271990740740741,0.0458456072230055,0.740432028558387
"HG-04","red_fruit","A","XIP","XIP1;1",0,NA,0
"HG-04","red_fruit","D","XIP","XIP1;1",1,NA,0.182354884902062
"HG-04","roots","A","XIP","XIP1;1",0.6875,0.0883883476483184,0.912365112104423
"HG-04","roots","D","XIP","XIP1;1",0.3125,0.0883883476483184,0.381765053935871
"HG-05","aux_bud","A","TIP","TIP4;2",0.308953900376399,NA,58.7759778836787
"HG-05","aux_bud","B","TIP","TIP4;2",0.0049105255688964,NA,0.934187727952509
"HG-05","aux_bud","C","TIP","TIP4;2",0.56593807181531,NA,107.665135646527
"HG-05","aux_bud","D","TIP","TIP4;2",0.120197502239395,NA,22.8666015372816
"HG-05","crown","A","TIP","TIP4;2",0.237335718154056,0.0172126872300865,8.69968691167601
"HG-05","crown","B","TIP","TIP4;2",0.0839020602528539,0.0229319725021282,2.82886180073086
"HG-05","crown","C","TIP","TIP4;2",0.505700672266375,0.00862843421899481,18.2738942238812
"HG-05","crown","D","TIP","TIP4;2",0.173061549326716,0.00728950666943634,6.24256781268853
"HG-05","green_fruit","A","TIP","TIP4;2",0.548482676713575,0.0320884761148613,66.6942481822669
"HG-05","green_fruit","B","TIP","TIP4;2",0.000841792186376806,0.00145802683621912,0.124203052234282
"HG-05","green_fruit","C","TIP","TIP4;2",0.390632855723542,0.031089862529898,48.5742104584364
"HG-05","green_fruit","D","TIP","TIP4;2",0.0600426753765064,0.00586153863960026,7.31308919313267
"HG-05","leaf","A","TIP","TIP4;2",0.378831565435994,0.0175396609186334,11.4587093911728
"HG-05","leaf","B","TIP","TIP4;2",0,0,0
"HG-05","leaf","C","TIP","TIP4;2",0.561561251843649,0.0301162908941161,17.0424071659722
"HG-05","leaf","D","TIP","TIP4;2",0.0596071827203571,0.0380189297079816,1.8357759113537
"HG-05","red_fruit","A","TIP","TIP4;2",0.497997849101631,0.0672405098201656,2.50100102129786
"HG-05","red_fruit","B","TIP","TIP4;2",0,0,0
"HG-05","red_fruit","C","TIP","TIP4;2",0.466459446261871,0.048410821308128,2.3373499151984
"HG-05","red_fruit","D","TIP","TIP4;2",0.0355427046364975,0.0189282582983187,0.175489638921323
"HG-05","roots","A","TIP","TIP4;2",0.205347208163997,0.0108601319867985,22.6787489844287
"HG-05","roots","B","TIP","TIP4;2",0.0179433967753217,0.000341943600596184,1.97473223184174
"HG-05","roots","C","TIP","TIP4;2",0.599172725134625,0.0455158418203268,65.2887512013154
"HG-05","roots","D","TIP","TIP4;2",0.177536669926056,0.0343137662329323,19.8928689355714
"HG-06","aux_bud","A","PIP","PIP2;7",0.292093682211858,NA,59.7218271993283
"HG-06","aux_bud","B","PIP","PIP2;7",0.436693984539409,NA,89.2869797325248
"HG-06","aux_bud","D","PIP","PIP2;7",0.271212333248732,NA,55.4524013595727
"HG-06","crown","A","PIP","PIP2;7",0.245462985792953,0.0288497119552237,41.7092389895753
"HG-06","crown","B","PIP","PIP2;7",0.608930802868191,0.0178848872343536,105.191936809215
"HG-06","crown","D","PIP","PIP2;7",0.145606211338856,0.0277448597520834,25.1510905251007
"HG-06","green_fruit","A","PIP","PIP2;7",0.406704264945905,0.00768307913282923,98.004180814311
"HG-06","green_fruit","B","PIP","PIP2;7",0.309625231813251,0.0342667570971517,74.4772763038184
"HG-06","green_fruit","D","PIP","PIP2;7",0.283670503240844,0.0376659034875423,68.587889106035
"HG-06","leaf","A","PIP","PIP2;7",0.185349725602573,0.00630786865840831,41.0529331170416
"HG-06","leaf","B","PIP","PIP2;7",0.435275398616699,0.0389513038328796,95.7316086826779
"HG-06","leaf","D","PIP","PIP2;7",0.379374875780728,0.0442266820057805,85.7801907188296
"HG-06","red_fruit","A","PIP","PIP2;7",0.0572220965272435,0.0341290545139767,2.28506579806367
"HG-06","red_fruit","B","PIP","PIP2;7",0.0784108237622265,0.0263453949410767,3.03539069609967
"HG-06","red_fruit","D","PIP","PIP2;7",0.86436707971053,0.0556928233973861,33.6179423777637
"HG-06","roots","A","PIP","PIP2;7",0.232133341852226,0.00337344281145455,24.9595198627678
"HG-06","roots","B","PIP","PIP2;7",0.52090119260221,0.0205966093315336,55.6849527419484
"HG-06","roots","D","PIP","PIP2;7",0.246965465545564,0.0172231665200791,26.71092656365
"HG-07","aux_bud","A","NIP","NIP1;1",0.426202205502286,NA,3.59178533129555
"HG-07","aux_bud","B","NIP","NIP1;1",0.455098973580563,NA,3.83531055562677
"HG-07","aux_bud","C","NIP","NIP1;1",0,NA,0
"HG-07","aux_bud","D","NIP","NIP1;1",0.118698820917151,NA,1.00032491223233
"HG-07","crown","A","NIP","NIP1;1",0.270395379375765,0.0473589299070562,2.28775677998418
"HG-07","crown","B","NIP","NIP1;1",0.134288951387424,0.0268362043524561,1.2466968235455
"HG-07","crown","C","NIP","NIP1;1",0.386404364242609,0.0708000863656015,3.50648306658019
"HG-07","crown","D","NIP","NIP1;1",0.208911304994202,0.073981350867176,1.79403749671293
"HG-07","green_fruit","A","NIP","NIP1;1",0.255187397098291,0.046904289293095,2.76659040791192
"HG-07","green_fruit","B","NIP","NIP1;1",0.3139391388858,0.0511285143282264,3.41577806899171
"HG-07","green_fruit","C","NIP","NIP1;1",0.02122130351304,0.0115463778649564,0.230529469973724
"HG-07","green_fruit","D","NIP","NIP1;1",0.409652160502869,0.0924618405433618,4.48273344318346
"HG-07","leaf","A","NIP","NIP1;1",0.423518683608084,0.10194889904297,4.09462689696123
"HG-07","leaf","B","NIP","NIP1;1",0.207374322786794,0.03202921312098,2.23243249746624
"HG-07","leaf","C","NIP","NIP1;1",0.0429071331778736,0.00252420456354966,0.445883972286256
"HG-07","leaf","D","NIP","NIP1;1",0.326199860427249,0.0765236617293618,3.56108566424877
"HG-07","red_fruit","A","NIP","NIP1;1",0.110815144033792,0.0971578991697062,0.159597823802639
"HG-07","red_fruit","B","NIP","NIP1;1",0.110265669232778,0.130918281728468,0.159633118786474
"HG-07","red_fruit","C","NIP","NIP1;1",0.0287688521047537,0.0498291135208683,0.0418686815735135
"HG-07","red_fruit","D","NIP","NIP1;1",0.750150334628677,0.26207453811041,1.2898730181746
"HG-07","roots","A","NIP","NIP1;1",0.234466972408188,0.0266091383179073,16.0130752517128
"HG-07","roots","B","NIP","NIP1;1",0.160372470789335,0.00556054937534687,10.7173312811185
"HG-07","roots","C","NIP","NIP1;1",0.248841472639522,0.0232600366438786,16.9454473653831
"HG-07","roots","D","NIP","NIP1;1",0.356319084162954,0.044308625586439,23.4954164697068
"HG-08","green_fruit","A","NIP","NIP1;1",1,NA,0.0905949245871703
"HG-08","green_fruit","B","NIP","NIP1;1",0,NA,0
"HG-08","green_fruit","C","NIP","NIP1;1",0,NA,0
"HG-08","green_fruit","D","NIP","NIP1;1",0,NA,0
"HG-08","roots","A","NIP","NIP1;1",0,NA,0
"HG-08","roots","B","NIP","NIP1;1",1,NA,0.245775456855938
"HG-08","roots","C","NIP","NIP1;1",0,NA,0
"HG-08","roots","D","NIP","NIP1;1",0,NA,0
"HG-09","aux_bud","A","PIP","PIP2;2",0.221362924177017,NA,8.47775363116902
"HG-09","aux_bud","B","PIP","PIP2;2",0.21677427171016,NA,8.30201749442571
"HG-09","aux_bud","C","PIP","PIP2;2",0.177090339341614,NA,6.78220290493522
"HG-09","aux_bud","D","PIP","PIP2;2",0.38477246477121,NA,14.7360095305728
"HG-09","crown","A","PIP","PIP2;2",0.276608200356663,0.00977681709385875,75.5017321724344
"HG-09","crown","B","PIP","PIP2;2",0.154852964152365,0.00448226031428244,42.2135700037058
"HG-09","crown","C","PIP","PIP2;2",0.178115204297664,0.00141814924183496,48.4089519560232
"HG-09","crown","D","PIP","PIP2;2",0.390423631193308,0.0122643265997563,105.860859438817
"HG-09","green_fruit","A","PIP","PIP2;2",0.0549043314721822,0.00801064257329498,21.1201369407264
"HG-09","green_fruit","B","PIP","PIP2;2",0.375417311010764,0.00367337917286966,143.993368093578
"HG-09","green_fruit","C","PIP","PIP2;2",0.197486309525896,0.00315860555427967,75.7678394280999
"HG-09","green_fruit","D","PIP","PIP2;2",0.372192047991158,0.0127682376707723,142.882099891347
"HG-09","leaf","A","PIP","PIP2;2",0.202372285643815,0.0130642184860571,21.7799929870673
"HG-09","leaf","B","PIP","PIP2;2",0.301889208874236,0.02462499055545,32.4303758229246
"HG-09","leaf","C","PIP","PIP2;2",0.147368551217909,0.0167600871444775,15.9206168315363
"HG-09","leaf","D","PIP","PIP2;2",0.34836995426404,0.0311960563714476,37.7100028229167
"HG-09","red_fruit","A","PIP","PIP2;2",0.135872726660576,0.0162993421578593,2.76913619770797
"HG-09","red_fruit","B","PIP","PIP2;2",0.503527278700974,0.0198000628044998,10.3437433290487
"HG-09","red_fruit","C","PIP","PIP2;2",0.206860141114396,0.00950627800109926,4.22560540395092
"HG-09","red_fruit","D","PIP","PIP2;2",0.153739853524054,0.0120614098814367,3.12053387523591
"HG-09","roots","A","PIP","PIP2;2",0.223494191925488,0.00393748813752455,340.805836166952
"HG-09","roots","B","PIP","PIP2;2",0.313568575102702,0.00291628447145541,476.411862466098
"HG-09","roots","C","PIP","PIP2;2",0.204718786434137,0.00691030581279538,312.859492809405
"HG-09","roots","D","PIP","PIP2;2",0.258218446537673,0.00793150947886458,391.171793641021
"HG-10","aux_bud","A","TIP","TIP1;7",0.105594167798336,NA,3.58644843082758
"HG-10","aux_bud","B","TIP","TIP1;7",0.20763342974589,NA,7.05215641948765
"HG-10","aux_bud","C","TIP","TIP1;7",0.105404420866084,NA,3.58000377955925
"HG-10","aux_bud","D","TIP","TIP1;7",0.581367981589689,NA,19.7458470366257
"HG-10","crown","A","TIP","TIP1;7",0.066832747071992,0.00242919759841581,1.91873483999822
"HG-10","crown","B","TIP","TIP1;7",0.432561462417077,0.0505865498465394,12.4341032432129
"HG-10","crown","C","TIP","TIP1;7",0.0766865055234536,0.0200579393966629,2.20435788711797
"HG-10","crown","D","TIP","TIP1;7",0.423919284987477,0.0692855539980965,12.0021980111125
"HG-10","green_fruit","A","TIP","TIP1;7",0.0648447295873858,0.0162644645152345,0.952694302252703
"HG-10","green_fruit","B","TIP","TIP1;7",0.170707328287061,0.0260066090240365,2.53063351933247
"HG-10","green_fruit","C","TIP","TIP1;7",0.0616265963014705,0.0198136048492867,0.902876480112701
"HG-10","green_fruit","D","TIP","TIP1;7",0.702821345824082,0.0541719604718986,10.5441805093054
"HG-10","leaf","A","TIP","TIP1;7",0.163648108637933,0.00306466176746528,1.94495179367789
"HG-10","leaf","B","TIP","TIP1;7",0.262265375665622,0.00412573361677904,3.13045618894214
"HG-10","leaf","C","TIP","TIP1;7",0.104482638155083,0.0251668459275443,1.25638429382708
"HG-10","leaf","D","TIP","TIP1;7",0.469603877541363,0.0209396136514243,5.56181920804258
"HG-10","red_fruit","A","TIP","TIP1;7",0.00858463505659567,0.0148690240824606,0.0239609212595171
"HG-10","red_fruit","B","TIP","TIP1;7",0.487137845752546,0.110122255037775,1.21187334312318
"HG-10","red_fruit","C","TIP","TIP1;7",0.247830331637665,0.113880806016531,0.735335508093465
"HG-10","red_fruit","D","TIP","TIP1;7",0.256447187553193,0.155526458920011,0.481176437898581
"HG-10","roots","A","TIP","TIP1;7",0.23785981733741,0.00916364702139219,158.159763162307
"HG-10","roots","B","TIP","TIP1;7",0.280069849911266,0.0170711721040597,184.755803781939
"HG-10","roots","C","TIP","TIP1;7",0.292928629438944,0.018503337668596,193.204228392315
"HG-10","roots","D","TIP","TIP1;7",0.189141703312379,0.0264108627512636,126.775147354124
"HG-11","crown","B","NIP","NIP7;1",0.864873555419082,0.198262981043433,1.43667477342082
"HG-11","crown","C","NIP","NIP7;1",0.135126444580918,0.198262981043433,0.184026483662728
"HG-11","crown","D","NIP","NIP7;1",0,0,0
"HG-11","green_fruit","B","NIP","NIP7;1",0.0162322816643804,0.0281151365654756,0.0294743761499355
"HG-11","green_fruit","C","NIP","NIP7;1",0,0,0
"HG-11","green_fruit","D","NIP","NIP7;1",0.98376771833562,0.0281151365654756,1.45456585844081
"HG-11","roots","B","NIP","NIP7;1",1,NA,0.101760920001684
"HG-11","roots","C","NIP","NIP7;1",0,NA,0
"HG-11","roots","D","NIP","NIP7;1",0,NA,0
"HG-13","aux_bud","A","PIP","PIP1;3",0.284022033570301,NA,33.4191312081919
"HG-13","aux_bud","B","PIP","PIP1;3",0.247096647087981,NA,29.074347388945
"HG-13","aux_bud","C","PIP","PIP1;3",0.231985783653363,NA,27.296344740902
"HG-13","aux_bud","D","PIP","PIP1;3",0.236895535688355,NA,27.8740451586988
"HG-13","crown","A","PIP","PIP1;3",0.496757947005375,0.0618434489825532,1.48516162598769
"HG-13","crown","B","PIP","PIP1;3",0.05532925042807,0.021266143432613,0.161301750486176
"HG-13","crown","C","PIP","PIP1;3",0.401814989757052,0.113757321379512,1.24946940664133
"HG-13","crown","D","PIP","PIP1;3",0.046097812809504,0.0312139821505686,0.130224747165354
"HG-13","green_fruit","A","PIP","PIP1;3",0.20661783495496,0.0610073305058985,2.74053490036427
"HG-13","green_fruit","B","PIP","PIP1;3",0.367624622738905,0.0242611081176321,4.98255724308561
"HG-13","green_fruit","C","PIP","PIP1;3",0.245500819519166,0.0636269086787098,3.30169392563973
"HG-13","green_fruit","D","PIP","PIP1;3",0.180256722786969,0.0259677923732765,2.31881270332655
"HG-13","leaf","A","PIP","PIP1;3",0.463750840643897,0.0385274662601198,152.96328849068
"HG-13","leaf","B","PIP","PIP1;3",0.122517177727892,0.0141704524601941,40.7155777133731
"HG-13","leaf","C","PIP","PIP1;3",0.230987751387385,0.0115762534080347,76.6477699691401
"HG-13","leaf","D","PIP","PIP1;3",0.182744230240826,0.0169012081423287,60.5807429070004
"HG-13","red_fruit","A","PIP","PIP1;3",0,0,0
"HG-13","red_fruit","B","PIP","PIP1;3",0.572575171031007,0.379897432286626,0.545501691414982
"HG-13","red_fruit","C","PIP","PIP1;3",0.427424828968994,0.379897432286626,0.564950000258688
"HG-13","red_fruit","D","PIP","PIP1;3",0,0,0
"HG-13","roots","A","PIP","PIP1;3",0.380889948231247,0.00919713306146952,6.00366875932035
"HG-13","roots","B","PIP","PIP1;3",0.1808702540892,0.0271824156007571,2.7855609500391
"HG-13","roots","C","PIP","PIP1;3",0.390979369578572,0.0242355649771205,6.25916760271795
"HG-13","roots","D","PIP","PIP1;3",0.0472604281009811,0.0121439836851061,0.782984846121273
"HG-14","aux_bud","A","NIP","NIP5;1",0.330735626177231,NA,16.7194677180828
"HG-14","aux_bud","B","NIP","NIP5;1",0.453699174846457,NA,22.9355657727094
"HG-14","aux_bud","C","NIP","NIP5;1",0.215565198976312,NA,10.8973303755767
"HG-14","crown","A","NIP","NIP5;1",0.235854059101215,0.00667177228691591,50.4620662954489
"HG-14","crown","B","NIP","NIP5;1",0.491852984408951,0.00667015929841895,104.961814656728
"HG-14","crown","C","NIP","NIP5;1",0.272292956489834,0.00393343073614856,58.0197655364629
"HG-14","green_fruit","A","NIP","NIP5;1",0.445463829570298,0.0479267069552182,29.2742501766216
"HG-14","green_fruit","B","NIP","NIP5;1",0.28143499735734,0.034657777939977,18.3237072594733
"HG-14","green_fruit","C","NIP","NIP5;1",0.273101173072362,0.0366943121612005,17.648446328273
"HG-14","leaf","A","NIP","NIP5;1",0.349033086616383,0.0409475259985899,2.36516428423817
"HG-14","leaf","B","NIP","NIP5;1",0.337369600245451,0.0175343956232096,2.27262353926058
"HG-14","leaf","C","NIP","NIP5;1",0.313597313138166,0.0494006081380568,2.04192537904957
"HG-14","red_fruit","A","NIP","NIP5;1",0.839487672939446,0.0127059523210718,23.3738967476306
"HG-14","red_fruit","B","NIP","NIP5;1",0.023523247878586,0.0127356864790512,0.662687761181211
"HG-14","red_fruit","C","NIP","NIP5;1",0.136989079181968,0.00590040971690351,3.7904242446884
"HG-14","roots","A","NIP","NIP5;1",0.429309790848085,0.00619029286110439,91.693850957981
"HG-14","roots","B","NIP","NIP5;1",0.369468570403911,0.00366244123293441,78.5692252758556
"HG-14","roots","C","NIP","NIP5;1",0.201221638748004,0.00252785162816994,42.7703538062682
"HG-15","aux_bud","A","TIP","TIP3;1",0.147435599490758,NA,0.796320789054894
"HG-15","aux_bud","B","TIP","TIP3;1",0.351407927144448,NA,1.89800454429157
"HG-15","aux_bud","C","TIP","TIP3;1",0,NA,0
"HG-15","aux_bud","D","TIP","TIP3;1",0.501156473364794,NA,2.70681788990071
"HG-15","crown","A","TIP","TIP3;1",0.0742995126719628,0.023796093829518,0.531869451963938
"HG-15","crown","B","TIP","TIP3;1",0.0420434667361039,0.055505252696116,0.245543307281705
"HG-15","crown","C","TIP","TIP3;1",0.0409411847590021,0.00434452074241618,0.284437458923441
"HG-15","crown","D","TIP","TIP3;1",0.842715835832931,0.0376211802923161,5.79389385147482
"HG-15","green_fruit","A","TIP","TIP3;1",0.168995501238127,0.0100294417616725,129.736869314819
"HG-15","green_fruit","B","TIP","TIP3;1",0.277180386378946,0.0160225081548998,206.777112353258
"HG-15","green_fruit","C","TIP","TIP3;1",0.208248040885084,0.00901756571411697,157.835959737115
"HG-15","green_fruit","D","TIP","TIP3;1",0.345576071497842,0.016115408159711,260.304213912758
"HG-15","leaf","A","TIP","TIP3;1",0.238322781155373,0.0217335793655916,2.21981243515698
"HG-15","leaf","B","TIP","TIP3;1",0.212197044430284,0.0957432949142698,2.13993273081093
"HG-15","leaf","C","TIP","TIP3;1",0.0841017626163363,0.062489201470238,0.707312666935111
"HG-15","leaf","D","TIP","TIP3;1",0.465378411798007,0.0550817605089359,4.29936032567527
"HG-15","red_fruit","A","TIP","TIP3;1",0.148435896441837,0.0422442545572795,29.5871304480663
"HG-15","red_fruit","B","TIP","TIP3;1",0.27429110736734,0.0306506778938175,51.3249432247527
"HG-15","red_fruit","C","TIP","TIP3;1",0.176188478126249,0.00553106424825196,30.3686298965479
"HG-15","red_fruit","D","TIP","TIP3;1",0.401084518064574,0.0657519062929776,64.1834249359241
"HG-15","roots","A","TIP","TIP3;1",0.158730775001333,0.0270565097673822,1.19152129149696
"HG-15","roots","B","TIP","TIP3;1",0.156761885069375,0.0517737492718113,1.16413052377829
"HG-15","roots","C","TIP","TIP3;1",0.0716475660722399,0.00772398021535855,0.547862193915719
"HG-15","roots","D","TIP","TIP3;1",0.612859773857053,0.0711062788238349,4.68884537446407
"HG-16","aux_bud","A","TIP","TIP2;3",0.250470416056868,NA,0.0709435450307031
"HG-16","aux_bud","B","TIP","TIP2;3",0,NA,0
"HG-16","aux_bud","C","TIP","TIP2;3",0,NA,0
"HG-16","aux_bud","D","TIP","TIP2;3",0.749529583943132,NA,0.212297670229608
"HG-16","crown","A","TIP","TIP2;3",0.169829425248866,0.103443567999743,0.237478440005602
"HG-16","crown","B","TIP","TIP2;3",0.120549917093666,0.123170133666019,0.117344719841131
"HG-16","crown","C","TIP","TIP2;3",0.281488364538216,0.149237722442333,0.387540041737142
"HG-16","crown","D","TIP","TIP2;3",0.428132293119252,0.12965833038456,0.498344734553825
"HG-16","green_fruit","A","TIP","TIP2;3",0.00345404495798305,0.00147345660301887,0.110562771708134
"HG-16","green_fruit","B","TIP","TIP2;3",0.00401109870221533,0.00202050950660102,0.130256904229007
"HG-16","green_fruit","C","TIP","TIP2;3",0.00505060785456104,0.00504970534100777,0.176698169057449
"HG-16","green_fruit","D","TIP","TIP2;3",0.987484248485241,0.001686295969548,32.6769112615929
"HG-16","leaf","A","TIP","TIP2;3",0.198997085120794,0.110371517630782,0.458528185907489
"HG-16","leaf","B","TIP","TIP2;3",0.135480054085493,0.0248717419274406,0.314582112462617
"HG-16","leaf","C","TIP","TIP2;3",0.265651648797481,0.104649271255583,0.625796916321191
"HG-16","leaf","D","TIP","TIP2;3",0.399871211996232,0.0571606423741879,0.941456744507847
"HG-16","red_fruit","A","TIP","TIP2;3",0.000513115178062842,0.000179051912873603,0.090605153697043
"HG-16","red_fruit","B","TIP","TIP2;3",0.00177615344337265,0.0010723757642065,0.295324428083583
"HG-16","red_fruit","C","TIP","TIP2;3",0,0,0
"HG-16","red_fruit","D","TIP","TIP2;3",0.997710731378565,0.00106165485237592,177.312960383748
"HG-16","roots","A","TIP","TIP2;3",0.204107925834385,0.00064033549026788,233.487930445016
"HG-16","roots","B","TIP","TIP2;3",0.210906278912695,0.0205716958587927,245.376195384127
"HG-16","roots","C","TIP","TIP2;3",0.176466583687576,0.0218611652874569,197.239244159047
"HG-16","roots","D","TIP","TIP2;3",0.408519211565343,0.000649133938396308,467.192281345156
"HG-17","aux_bud","A","SIP","SIP1;1",0.596423279720921,NA,19.7223055185355
"HG-17","aux_bud","C","SIP","SIP1;1",0.403576720279079,NA,13.3453264621678
"HG-17","crown","A","SIP","SIP1;1",0.655413198103046,0.0397955948759394,17.3152965800701
"HG-17","crown","C","SIP","SIP1;1",0.344586801896954,0.0397955948759394,9.10680736002532
"HG-17","green_fruit","A","SIP","SIP1;1",0.688038920721856,0.0214772004501105,27.5977505338743
"HG-17","green_fruit","C","SIP","SIP1;1",0.311961079278144,0.0214772004501105,12.4709519690157
"HG-17","leaf","A","SIP","SIP1;1",0.698590751343215,0.038414035079511,16.1868042972083
"HG-17","leaf","C","SIP","SIP1;1",0.301409248656785,0.038414035079511,6.90226322826326
"HG-17","red_fruit","A","SIP","SIP1;1",0.734917718845236,0.0476139587121829,29.8375104249953
"HG-17","red_fruit","C","SIP","SIP1;1",0.265082281154764,0.0476139587121829,10.7774895659479
"HG-17","roots","A","SIP","SIP1;1",0.641569156274178,0.0159173650296397,15.4641219044182
"HG-17","roots","C","SIP","SIP1;1",0.358430843725822,0.0159173650296396,8.60262319042678
"HG-18","red_fruit","A","NIP","NIP1;2",0,0,0
"HG-18","red_fruit","D","NIP","NIP1;2",1,0,8.01112286634512
"HG-19","aux_bud","A","NIP","NIP1;2",0.432086304747092,NA,1.57658985533152
"HG-19","aux_bud","B","NIP","NIP1;2",0.0785611463176531,NA,0.286652700969367
"HG-19","aux_bud","D","NIP","NIP1;2",0.489352548935255,NA,1.78554204531782
"HG-19","crown","A","NIP","NIP1;2",0.140324842080414,0.0420195038115052,2.4749837335989
"HG-19","crown","B","NIP","NIP1;2",0.0508160678841238,0.0278596878124908,0.925015158873808
"HG-19","crown","D","NIP","NIP1;2",0.808859090035462,0.039686208751999,14.6732231510953
"HG-19","green_fruit","A","NIP","NIP1;2",0.0376215239097048,0.0117189006216647,0.555297503929208
"HG-19","green_fruit","B","NIP","NIP1;2",0,0,0
"HG-19","green_fruit","D","NIP","NIP1;2",0.962378476090295,0.0117189006216646,14.0247421863127
"HG-19","leaf","A","NIP","NIP1;2",0.695386258464939,0.11156975166032,0.463287560659948
"HG-19","leaf","B","NIP","NIP1;2",0.104414136224323,0.111763836881078,0.0661530225888394
"HG-19","leaf","D","NIP","NIP1;2",0.200199605310738,0.172625052386828,0.123642752558374
"HG-19","red_fruit","A","NIP","NIP1;2",0.000787533244098553,0.000299350464367166,0.572030594305156
"HG-19","red_fruit","B","NIP","NIP1;2",0.000652384903851392,0.00010792023118257,0.48355070932309
"HG-19","red_fruit","D","NIP","NIP1;2",0.99856008185205,0.000384343247652419,748.9594151505
"HG-19","roots","A","NIP","NIP1;2",0.424116974360543,0.0535994591692786,2.4771148357582
"HG-19","roots","B","NIP","NIP1;2",0.16378143301602,0.0950737943351447,0.937145529725336
"HG-19","roots","D","NIP","NIP1;2",0.412101592623438,0.148673253504423,2.45941788650712
"HG-20","aux_bud","A","PIP","PIP2;5",0.110830604995029,NA,1.35386179661254
"HG-20","aux_bud","B","PIP","PIP2;5",0.147545580440514,NA,1.80235707119341
"HG-20","aux_bud","C","PIP","PIP2;5",0.741623814564456,NA,9.05937624397082
"HG-20","crown","A","PIP","PIP2;5",0.510299578224394,0.0117520277795193,27.3486664020652
"HG-20","crown","B","PIP","PIP2;5",0.206575445974356,0.017141418979307,11.084156817677
"HG-20","crown","C","PIP","PIP2;5",0.283124975801249,0.0210486735811013,15.2027026248929
"HG-20","green_fruit","A","PIP","PIP2;5",0.182354376559496,0.00662484845129434,10.4925443313577
"HG-20","green_fruit","B","PIP","PIP2;5",0.530210865964603,0.0180245162906753,30.5855042422648
"HG-20","green_fruit","C","PIP","PIP2;5",0.287434757475901,0.023106763545893,16.5617156807679
"HG-20","leaf","A","PIP","PIP2;5",0.373729544930184,0.115552010107041,2.24933672234685
"HG-20","leaf","B","PIP","PIP2;5",0.190023391499892,0.126330286055138,1.31580421768295
"HG-20","leaf","C","PIP","PIP2;5",0.436247063569924,0.0611913249546599,2.64078821065532
"HG-20","red_fruit","A","PIP","PIP2;5",0.392051596212079,0.0646260001742159,4.63119125223546
"HG-20","red_fruit","B","PIP","PIP2;5",0.277610691106196,0.0316872047757921,3.51583549673448
"HG-20","red_fruit","C","PIP","PIP2;5",0.330337712681725,0.0384976795085467,4.1897923772931
"HG-20","roots","A","PIP","PIP2;5",0.143154023618885,0.0737258329867779,8.49443899439016
"HG-20","roots","B","PIP","PIP2;5",0.599104541424583,0.0083247297966454,41.1503083425125
"HG-20","roots","C","PIP","PIP2;5",0.257741434956532,0.0820505627834233,19.3008342380308
"HG-21","aux_bud","A","TIP","TIP1;1",0.413739885932146,NA,298.314355545902
"HG-21","aux_bud","B","TIP","TIP1;1",0.223844163344899,NA,161.395914683209
"HG-21","aux_bud","C","TIP","TIP1;1",0.192217052134009,NA,138.592163777253
"HG-21","aux_bud","D","TIP","TIP1;1",0.170198898588946,NA,122.716654771618
"HG-21","crown","A","TIP","TIP1;1",0.501416798707638,0.0258494926165539,409.743876529084
"HG-21","crown","B","TIP","TIP1;1",0.213734832087153,0.0277649433307544,174.976021192865
"HG-21","crown","C","TIP","TIP1;1",0.226009200625681,0.0491099936322288,183.473956811307
"HG-21","crown","D","TIP","TIP1;1",0.0588391685795275,0.0068126237018861,48.0332917379235
"HG-21","green_fruit","A","TIP","TIP1;1",0.383657368336805,0.0145976578227287,384.376642286771
"HG-21","green_fruit","B","TIP","TIP1;1",0.254538012957319,0.0182468267762989,257.638298539529
"HG-21","green_fruit","C","TIP","TIP1;1",0.345301176618104,0.0279844881443576,341.104026341436
"HG-21","green_fruit","D","TIP","TIP1;1",0.0165034420877725,0.00302625832929366,16.6806751265192
"HG-21","leaf","A","TIP","TIP1;1",0.584489989034982,0.0463994237574095,110.055560394301
"HG-21","leaf","B","TIP","TIP1;1",0.109351386455023,0.038487696029778,21.6375658062497
"HG-21","leaf","C","TIP","TIP1;1",0.182111130894632,0.0746827078215604,30.1703232985174
"HG-21","leaf","D","TIP","TIP1;1",0.124047493615362,0.00971705086366917,22.6932802799232
"HG-21","red_fruit","A","TIP","TIP1;1",0.284817787419052,0.0238087320452583,156.914833952021
"HG-21","red_fruit","B","TIP","TIP1;1",0.671365900297494,0.0254831212916569,368.942250128334
"HG-21","red_fruit","C","TIP","TIP1;1",0.0417332320297059,0.00386450284115981,22.9307289023665
"HG-21","red_fruit","D","TIP","TIP1;1",0.0020830802537474,0.00129956360600942,1.15783204709604
"HG-21","roots","A","TIP","TIP1;1",0.427754471899151,0.0751907483677983,111.550376588833
"HG-21","roots","B","TIP","TIP1;1",0.143388705341183,0.0375326628093435,37.3331454202284
"HG-21","roots","C","TIP","TIP1;1",0.360818332700765,0.13285626355496,95.0492076503357
"HG-21","roots","D","TIP","TIP1;1",0.0680384900589017,0.0201328523778176,17.7034214154462
"HG-22","aux_bud","A","NIP","NIP6;1",0.312575888985256,NA,2.18201077562261
"HG-22","aux_bud","B","NIP","NIP6;1",0.118521398450818,NA,0.827366977667764
"HG-22","aux_bud","C","NIP","NIP6;1",0.165929957831145,NA,1.15831376873487
"HG-22","aux_bud","D","NIP","NIP6;1",0.402972754732781,NA,2.8130477240704
"HG-22","crown","A","NIP","NIP6;1",0.327998643503335,0.0603978261824978,1.51430308253782
"HG-22","crown","B","NIP","NIP6;1",0.253262292700968,0.04203735448314,1.18502179729068
"HG-22","crown","C","NIP","NIP6;1",0.139004991283275,0.0356906952697551,0.656176800213397
"HG-22","crown","D","NIP","NIP6;1",0.279734072512423,0.0440774560621127,1.29008910544368
"HG-22","green_fruit","A","NIP","NIP6;1",0.460053731449616,0.0112614871141689,9.03231373247011
"HG-22","green_fruit","B","NIP","NIP6;1",0.207103292509401,0.0366251007909106,4.14401194209609
"HG-22","green_fruit","C","NIP","NIP6;1",0.158043551526352,0.0227605565380447,3.07753724859123
"HG-22","green_fruit","D","NIP","NIP6;1",0.174799424514631,0.0191376264652184,3.42341427756189
"HG-22","leaf","A","NIP","NIP6;1",0.351163530405715,0.0767469947930656,0.944099765495607
"HG-22","leaf","B","NIP","NIP6;1",0.219231055269345,0.068095852572215,0.596178892263675
"HG-22","leaf","C","NIP","NIP6;1",0.105487308865854,0.075405425389613,0.266666682372926
"HG-22","leaf","D","NIP","NIP6;1",0.324118105459086,0.0807494771670899,0.880380063196049
"HG-22","red_fruit","A","NIP","NIP6;1",0.41648599407438,0.0692698786878921,0.574426514570417
"HG-22","red_fruit","B","NIP","NIP6;1",0.182648036967139,0.108561715818731,0.244513442365645
"HG-22","red_fruit","C","NIP","NIP6;1",0.189905107914684,0.0379396282586941,0.264752575594287
"HG-22","red_fruit","D","NIP","NIP6;1",0.210960861043797,0.17763435251842,0.293480873643423
"HG-22","roots","A","NIP","NIP6;1",0.199011345465946,0.0579839132862417,0.830844316613983
"HG-22","roots","B","NIP","NIP6;1",0.157463107820323,0.0690409230612692,0.681462035815524
"HG-22","roots","C","NIP","NIP6;1",0.238945960028564,0.0461932316324674,0.877186927937625
"HG-22","roots","D","NIP","NIP6;1",0.404579586685167,0.0808316047150434,1.482518112635
"HG-23","aux_bud","A","TIP","TIP2;1",0.40298782157628,NA,78.7443844669581
"HG-23","aux_bud","B","TIP","TIP2;1",0.321498855628045,NA,62.821326446635
"HG-23","aux_bud","D","TIP","TIP2;1",0.275513322795675,NA,53.8356889573775
"HG-23","crown","A","TIP","TIP2;1",0.716046460087536,0.0818568461432027,131.936656014253
"HG-23","crown","B","TIP","TIP2;1",0.160221836024946,0.039015478246992,27.6868148241046
"HG-23","crown","D","TIP","TIP2;1",0.123731703887518,0.042993521668265,20.8567881365412
"HG-23","green_fruit","A","TIP","TIP2;1",0.313823221784448,0.0246615413963568,13.6320680378288
"HG-23","green_fruit","B","TIP","TIP2;1",0.35377617898846,0.0169332307956037,15.4799337514224
"HG-23","green_fruit","D","TIP","TIP2;1",0.332400599227092,0.0245020536108055,14.4086704683193
"HG-23","leaf","A","TIP","TIP2;1",0.24789638923783,0.0347723269752265,10.3563816451259
"HG-23","leaf","B","TIP","TIP2;1",0.345509353282657,0.0454142717642404,14.5183090355743
"HG-23","leaf","D","TIP","TIP2;1",0.406594257479514,0.0730047178922939,16.4442873408707
"HG-23","red_fruit","A","TIP","TIP2;1",0.180783839612445,0.0237849745782423,0.828072509809795
"HG-23","red_fruit","B","TIP","TIP2;1",0.16173641221658,0.0894426706729504,0.715616843509498
"HG-23","red_fruit","D","TIP","TIP2;1",0.657479748170974,0.0882301672998854,2.94713079815303
"HG-23","roots","A","TIP","TIP2;1",0.278584249473832,0.0293376189670625,57.3646066150056
"HG-23","roots","B","TIP","TIP2;1",0.3672320835402,0.0139496137486536,76.7645142324208
"HG-23","roots","D","TIP","TIP2;1",0.354183666985968,0.0153880052184089,74.0790523706804
"HG-24","aux_bud","A","SIP","SIP1;3",0.283046033687034,NA,14.8302301812461
"HG-24","aux_bud","B","SIP","SIP1;3",0.266754763125715,NA,13.9766471466346
"HG-24","aux_bud","C","SIP","SIP1;3",0.231785728373634,NA,12.1444404633826
"HG-24","aux_bud","D","SIP","SIP1;3",0.218413474813617,NA,11.4437996674182
"HG-24","crown","A","SIP","SIP1;3",0.236159642600519,0.0129033193947234,8.52165710617847
"HG-24","crown","B","SIP","SIP1;3",0.451013551084233,0.039059016905332,16.5314697172066
"HG-24","crown","C","SIP","SIP1;3",0.0637513646724957,0.0183353310899478,2.28928412782005
"HG-24","crown","D","SIP","SIP1;3",0.249075441642752,0.0176279745048602,8.94796063630627
"HG-24","green_fruit","A","SIP","SIP1;3",0.266701808914386,0.0244363632512119,72.4092309701595
"HG-24","green_fruit","B","SIP","SIP1;3",0.269999473338529,0.01150261538688,73.3505886039953
"HG-24","green_fruit","C","SIP","SIP1;3",0.282190113640052,0.019486523649765,76.6051676477406
"HG-24","green_fruit","D","SIP","SIP1;3",0.181108604107033,0.00845513957429657,49.1767920694208
"HG-24","leaf","A","SIP","SIP1;3",0.117595377800116,0.0153726711759985,4.20501405515389
"HG-24","leaf","B","SIP","SIP1;3",0.464362456320487,0.0323075368017153,16.7300235393317
"HG-24","leaf","C","SIP","SIP1;3",0.211990690056636,0.0522173110166874,7.87243058266871
"HG-24","leaf","D","SIP","SIP1;3",0.206051475822761,0.0103338824443106,7.43565888773244
"HG-24","red_fruit","A","SIP","SIP1;3",0.185696681695164,0.0191264301349822,15.6769250165987
"HG-24","red_fruit","B","SIP","SIP1;3",0.3026717831457,0.00558181846739504,25.5377986553018
"HG-24","red_fruit","C","SIP","SIP1;3",0.305226363311974,0.0260371957926367,25.8185576236545
"HG-24","red_fruit","D","SIP","SIP1;3",0.206405171847162,0.0162677304297061,17.3628687584566
"HG-24","roots","A","SIP","SIP1;3",0.423588922730113,0.0240899804530043,24.9167299552251
"HG-24","roots","B","SIP","SIP1;3",0.212463482171551,0.0172455270487517,12.5644866068557
"HG-24","roots","C","SIP","SIP1;3",0.132677051225315,0.021116599990885,7.77355399159205
"HG-24","roots","D","SIP","SIP1;3",0.231270543873021,0.0279610533951375,13.6976019224158
"HG-25","aux_bud","A","NIP","NIP2;3",0.445170701200354,NA,1.41346211783366
"HG-25","aux_bud","B","NIP","NIP2;3",0,NA,0
"HG-25","aux_bud","C","NIP","NIP2;3",0.341223430996093,NA,1.0834189943986
"HG-25","aux_bud","D","NIP","NIP2;3",0.213605867803554,NA,0.678220290493522
"HG-25","crown","A","NIP","NIP2;3",0.580722445285089,0.449578372171059,0.31055815505031
"HG-25","crown","B","NIP","NIP2;3",0,0,0
"HG-25","crown","C","NIP","NIP2;3",0.419277554714911,0.449578372171059,0.797772478020271
"HG-25","crown","D","NIP","NIP2;3",0,0,0
"HG-25","green_fruit","A","NIP","NIP2;3",0.0827538034923776,0.0347827484382308,0.180904196323947
"HG-25","green_fruit","B","NIP","NIP2;3",0.0112814026659337,0.0195399625980402,0.0270514247766266
"HG-25","green_fruit","C","NIP","NIP2;3",0.905964793841689,0.0470479928463866,1.9138185233193
"HG-25","green_fruit","D","NIP","NIP2;3",0,0,0
"HG-25","leaf","A","NIP","NIP2;3",0.613612854077789,0.116097042651288,0.672107018558435
"HG-25","leaf","B","NIP","NIP2;3",0.0156588148229121,0.0271218628595965,0.0289219915151792
"HG-25","leaf","C","NIP","NIP2;3",0.355069516276387,0.158413341696248,0.324584833088378
"HG-25","leaf","D","NIP","NIP2;3",0.0156588148229121,0.0271218628595965,0.0289219915151792
"HG-25","roots","A","NIP","NIP2;3",0.912276620027346,0.00339412577844367,14.8707722069124
"HG-25","roots","B","NIP","NIP2;3",0.0380864446714143,0.0538623665968866,0.888975056712969
"HG-25","roots","C","NIP","NIP2;3",0.0303071357174443,0.0299200276459726,0.344124388925358
"HG-25","roots","D","NIP","NIP2;3",0.0193297995837957,0.0273364647293577,0.17828513184295
"HG-26","aux_bud","A","TIP","TIP1;8",0.185267332605438,NA,4.16659907650233
"HG-26","aux_bud","B","TIP","TIP1;8",0.41123160803181,NA,9.24845850672984
"HG-26","aux_bud","C","TIP","TIP1;8",0.0378476212211338,NA,0.851180083450705
"HG-26","aux_bud","D","TIP","TIP1;8",0.365653438141618,NA,8.22342102223395
"HG-26","crown","A","TIP","TIP1;8",0.079842473518032,0.0543296906440367,2.90613753397639
"HG-26","crown","B","TIP","TIP1;8",0.449720681414395,0.12119441948542,22.0040216602025
"HG-26","crown","C","TIP","TIP1;8",0.17095351715211,0.0174248290466692,7.88903442830356
"HG-26","crown","D","TIP","TIP1;8",0.299483327915463,0.075417685506785,12.5995528067889
"HG-26","green_fruit","A","TIP","TIP1;8",0.269536200626407,0.0559210982139939,0.23734463138403
"HG-26","green_fruit","B","TIP","TIP1;8",0.348253643624335,0.141280487183978,0.29050589429416
"HG-26","green_fruit","C","TIP","TIP1;8",0.315200683070132,0.0590049273993145,0.315352668686655
"HG-26","green_fruit","D","TIP","TIP1;8",0.0670094726791258,0.0589024851203871,0.0786905317913136
"HG-26","leaf","A","TIP","TIP1;8",0.290959412426004,0.0881778674384266,1.026642406878
"HG-26","leaf","B","TIP","TIP1;8",0.432555040673701,0.0563989124558917,1.56609877671887
"HG-26","leaf","C","TIP","TIP1;8",0.0581244312510858,0.067322437875392,0.221784639256211
"HG-26","leaf","D","TIP","TIP1;8",0.21836111564921,0.0764848041205034,0.785724578403247
"HG-26","red_fruit","A","TIP","TIP1;8",0.454632146959761,0.272146077988339,1.2842974297736
"HG-26","red_fruit","B","TIP","TIP1;8",0.0543635417307093,0.0941604163569795,0.158593490808763
"HG-26","red_fruit","C","TIP","TIP1;8",0.440907248330196,0.282353731249521,0.84293643155061
"HG-26","red_fruit","D","TIP","TIP1;8",0.0500970629793333,0.0437432372483909,0.158365528508308
"HG-26","roots","A","TIP","TIP1;8",0.376969804967881,0.0169358207521141,161.900102281162
"HG-26","roots","B","TIP","TIP1;8",0.113782438813803,0.00610487433146467,49.527561734682
"HG-26","roots","C","TIP","TIP1;8",0.205771610433115,0.00613334731752144,88.5575229749445
"HG-26","roots","D","TIP","TIP1;8",0.303476145785201,0.0169642937381708,132.138148023777
"HG-27","aux_bud","A","PIP","PIP1;4",0.366729954959191,NA,92.0786117632823
"HG-27","aux_bud","B","PIP","PIP1;4",0.259644162542757,NA,65.1914950390063
"HG-27","aux_bud","C","PIP","PIP1;4",0.373625882498052,NA,93.8100422777847
"HG-27","crown","A","PIP","PIP1;4",0.661251649438785,0.0300869586317125,257.637095269489
"HG-27","crown","B","PIP","PIP1;4",0.12964633090445,0.0198805614177824,48.9368686975174
"HG-27","crown","C","PIP","PIP1;4",0.209102019656766,0.0319541887827172,82.1856231293637
"HG-27","green_fruit","A","PIP","PIP1;4",0.472283991849677,0.0269587342786202,98.3419929401147
"HG-27","green_fruit","B","PIP","PIP1;4",0.178089570971094,0.0215763709570823,37.4619057894324
"HG-27","green_fruit","C","PIP","PIP1;4",0.349626437179229,0.0170795764071301,73.0811901999637
"HG-27","leaf","A","PIP","PIP1;4",0.219931525747281,0.00622498489156684,36.4100280982199
"HG-27","leaf","B","PIP","PIP1;4",0.112874088750284,0.0187814314316445,18.8679341369115
"HG-27","leaf","C","PIP","PIP1;4",0.667194385502435,0.0223057733962333,109.50899990941
"HG-27","red_fruit","A","PIP","PIP1;4",0.728096930605697,0.0312301777733263,58.3526624965749
"HG-27","red_fruit","B","PIP","PIP1;4",0.025379941124848,0.00413169455819289,2.08798422724723
"HG-27","red_fruit","C","PIP","PIP1;4",0.246523128269455,0.033281713686834,19.4544614553293
"HG-27","roots","A","PIP","PIP1;4",0.342318079878408,0.0131250376865285,152.251485943788
"HG-27","roots","B","PIP","PIP1;4",0.330197366063215,0.00229951953818019,146.710017232338
"HG-27","roots","C","PIP","PIP1;4",0.327484554058376,0.0154245572247088,145.247356828947
"HG-28","aux_bud","A","PIP","PIP2;1",0.397378182681835,NA,110.713182605563
"HG-28","aux_bud","B","PIP","PIP2;1",0.191074349003735,NA,53.2350547021023
"HG-28","aux_bud","C","PIP","PIP2;1",0.231130596794654,NA,64.3950903292231
"HG-28","aux_bud","D","PIP","PIP2;1",0.180416871519776,NA,50.2657843641258
"HG-28","crown","A","PIP","PIP2;1",0.289620983505179,0.0497714195366896,275.454745316213
"HG-28","crown","B","PIP","PIP2;1",0.336594222929608,0.0343902574669335,331.716416029692
"HG-28","crown","C","PIP","PIP2;1",0.27414618112867,0.021118509287572,268.843672370119
"HG-28","crown","D","PIP","PIP2;1",0.0996386124365427,0.00153984107189968,97.1623593100327
"HG-28","green_fruit","A","PIP","PIP2;1",0.0874160504509773,0.00042098040072347,90.4927877096161
"HG-28","green_fruit","B","PIP","PIP2;1",0.0715087858933795,0.000923101809311905,74.1119049294736
"HG-28","green_fruit","C","PIP","PIP2;1",0.771266429807157,0.00281746267663052,798.73943117279
"HG-28","green_fruit","D","PIP","PIP2;1",0.0698087338484862,0.00335467712420888,72.029310978046
"HG-28","leaf","A","PIP","PIP2;1",0.249779663765846,0.0105769880637639,21.6503019382765
"HG-28","leaf","B","PIP","PIP2;1",0.100115002520188,0.028340453455885,9.18878242627832
"HG-28","leaf","C","PIP","PIP2;1",0.361643496229552,0.023101610881643,30.8042599708421
"HG-28","leaf","D","PIP","PIP2;1",0.288461837484415,0.020571554261952,24.2421064797746
"HG-28","red_fruit","A","PIP","PIP2;1",0.177906040526478,0.00390780265619683,228.851105248412
"HG-28","red_fruit","B","PIP","PIP2;1",0.0360426610246797,0.00226835650133724,46.3809155109453
"HG-28","red_fruit","C","PIP","PIP2;1",0.716724479694176,0.00327951113987318,921.969959933689
"HG-28","red_fruit","D","PIP","PIP2;1",0.0693268187546667,0.00242084068403224,89.2113276106723
"HG-28","roots","A","PIP","PIP2;1",0.33552115090363,0.025477852063247,120.469993588085
"HG-28","roots","B","PIP","PIP2;1",0.260098859287931,0.0688553444880949,98.2434422222371
"HG-28","roots","C","PIP","PIP2;1",0.277440738094556,0.0452621716913687,98.2905777536468
"HG-28","roots","D","PIP","PIP2;1",0.126939251713883,0.00188467926652071,46.2092702746779
"HG-29","green_fruit","A","TIP","TIP1;5",0,0,0
"HG-29","green_fruit","B","TIP","TIP1;5",0,0,0
"HG-29","green_fruit","C","TIP","TIP1;5",0,0,0
"HG-29","green_fruit","D","TIP","TIP1;5",1,0,0.154189056596773
"HG-29","red_fruit","A","TIP","TIP1;5",0,NA,0
"HG-29","red_fruit","B","TIP","TIP1;5",0,NA,0
"HG-29","red_fruit","C","TIP","TIP1;5",0,NA,0
"HG-29","red_fruit","D","TIP","TIP1;5",1,NA,0.310291612451928
"HG-29","roots","A","TIP","TIP1;5",0,NA,0
"HG-29","roots","B","TIP","TIP1;5",0,NA,0
"HG-29","roots","C","TIP","TIP1;5",0,NA,0
"HG-29","roots","D","TIP","TIP1;5",1,NA,0.117447385930797
"HG-30","aux_bud","A","PIP","PIP1;1",0.224631092854314,NA,119.844608149708
"HG-30","aux_bud","B","PIP","PIP1;1",0.0880940244938753,NA,46.9996994256107
"HG-30","aux_bud","C","PIP","PIP1;1",0.604356395643208,NA,322.434683900167
"HG-30","aux_bud","D","PIP","PIP1;1",0.0829184870086022,NA,44.2384598571911
"HG-30","crown","A","PIP","PIP1;1",0.369022539934852,0.0318938591817902,247.014077452257
"HG-30","crown","B","PIP","PIP1;1",0.17188080253469,0.0271758459516234,116.227897789908
"HG-30","crown","C","PIP","PIP1;1",0.2532273121274,0.0263359680514924,170.857559259654
"HG-30","crown","D","PIP","PIP1;1",0.205869345403058,0.0214144962663568,137.71734027097
"HG-30","green_fruit","A","PIP","PIP1;1",0.363190586845994,0.00218630786293248,773.557639332713
"HG-30","green_fruit","B","PIP","PIP1;1",0.04161996053965,0.00266212209128849,88.6989733328011
"HG-30","green_fruit","C","PIP","PIP1;1",0.364691497837307,0.00215508915192322,776.565627698063
"HG-30","green_fruit","D","PIP","PIP1;1",0.230497954777048,0.00248876343225711,491.24836882771
"HG-30","leaf","A","PIP","PIP1;1",0.40903647755221,0.0330967218294816,54.5376850748897
"HG-30","leaf","B","PIP","PIP1;1",0.0813590146118034,0.0105985609300832,10.648570770849
"HG-30","leaf","C","PIP","PIP1;1",0.310991189637421,0.0278819801200455,40.9120601892541
"HG-30","leaf","D","PIP","PIP1;1",0.198613318198565,0.017711561951558,26.2204011118609
"HG-30","red_fruit","A","PIP","PIP1;1",0.128193511187668,0.00881075288758805,701.274187553732
"HG-30","red_fruit","B","PIP","PIP1;1",0.151632951299997,0.00494115914753774,828.87589337075
"HG-30","red_fruit","C","PIP","PIP1;1",0.686912512828087,0.0180278670280052,3747.78476993431
"HG-30","red_fruit","D","PIP","PIP1;1",0.0332610246842476,0.00451384619658592,182.106403089875
"HG-30","roots","A","PIP","PIP1;1",0.316718407147498,0.00776444801407295,510.272581096682
"HG-30","roots","B","PIP","PIP1;1",0.118485836110773,0.027776102417505,199.04388840922
"HG-30","roots","C","PIP","PIP1;1",0.408889334003231,0.0157746055546692,657.244066681137
"HG-30","roots","D","PIP","PIP1;1",0.155906422738497,0.00423704884876278,251.074348627571
"HG-S1","crown","A","NIP","NIP5;3",1,NA,0.0973928551812117
"HG-S1","roots","A","NIP","NIP5;3",1,NA,0.621635745616982
